,DJI,DJV,S&P,FTSE,FTV,STI,STIV,SG/D,P/D,SGPRIME,UKPRIME,USPRIME,USINF,UKINF,SGINF
5-Nov-86,1899.04,68587.4,246.58,1644.4,574860,915.99,162617,0.4558,1.4235,5.5,12,7.5,1.29,3.55,-1.38
12-Nov-86,1893.7,86964.2,246.64,1654.3,571831,896.71,110285,0.4569,1.427,5.5,12,7.5,1.29,3.55,-1.38
19-Nov-86,1826.63,95828.4,237.66,1604.3,463667,888.08,105946,0.4572,1.4188,5.5,12,7.5,1.29,3.55,-1.38
26-Nov-86,1916.76,113586.9,248.77,1633.2,500029,882.68,80790,0.457,1.4255,5.5,12,7.5,1.29,3.55,-1.38
3-Dec-86,1947.27,72906.4,253.83,1615.1,486555,888.81,72660,0.457,1.431,5.5,12,7.5,1.13,3.75,-1.38
10-Dec-86,1932.93,76387.6,250.96,1634.6,1801439,885.22,67559,0.4567,1.426,5.5,12,7.5,1.13,3.75,-1.38
17-Dec-86,1918.31,92524.9,247.56,1636.3,1518858,890.03,58143,0.456,1.4292,5.5,12,7.5,1.13,3.75,-1.38
24-Dec-86,1926.88,136470.2,246.75,1665.1,826707,902.29,59720,0.4568,1.4575,5.5,12,7.5,1.13,3.75,-1.38
31-Dec-86,1895.95,43656.9,242.17,1679,,891.3,45559,0.4614,1.483,5.5,12,7.5,1.13,3.75,-1.38
7-Jan-87,1993.95,36121.4,255.33,1722.2,,893.25,68427,0.4607,1.472,5.5,12,7.5,1.43,3.95,-0.69
14-Jan-87,2035.01,124035.8,262.64,1765.2,1229646,957.97,206048,0.4669,1.5045,5.5,12,7.5,1.43,3.95,-0.69
21-Jan-87,2094.07,143895.5,267.84,1761.6,1064254,948.21,149155,0.4664,1.517,5.5,12,7.5,1.43,3.95,-0.69
28-Jan-87,2163.39,129209.7,275.4,1812.1,1034490,949.02,95979,0.4708,1.54,5.5,12,7.5,1.43,3.95,-0.69
4-Feb-87,2191.23,128562.1,279.64,1846.7,962313,972.97,137528,0.4695,1.522,5.5,12,7.5,2.11,3.93,-1.04
11-Feb-87,2171.96,102896.5,277.54,1895.8,1427834,993.11,195100,0.4673,1.5235,5.5,12,7.5,2.11,3.93,-1.04
18-Feb-87,2237.63,102947.8,285.42,1952,1362403,1029.59,302088,0.4668,1.533,5.5,12,7.5,2.11,3.93,-1.04
25-Feb-87,2226.24,112367.8,284,1973.1,1039377,1056.8,269679,0.4678,1.5401,5.5,12,7.5,2.11,3.93,-1.04
4-Mar-87,2257.45,87915.1,288.62,2002.7,1184695,1066,239094,0.4679,1.5593,5.5,12,7.5,3.04,4.03,-0.7
11-Mar-87,2268.98,69939.7,290.31,1979.4,1151900,1070.9,247457,0.465,1.589,5.5,11.5,7.5,3.04,4.03,-0.7
18-Mar-87,2286.93,75042.7,292.78,2006.6,965471,1027.91,144076,0.4662,1.6065,5.5,11.5,7.5,3.04,4.03,-0.7
25-Mar-87,2363.49,116587.6,300.38,2042.9,1069304,1079.9,163249,0.4676,1.6,5.5,11,7.5,3.04,4.03,-0.7
1-Apr-87,2316.05,106527.4,292.39,1973.1,890876,1043.9,115471,0.4677,1.593,5.5,11,7.625,3.81,4.2,0
8-Apr-87,2372.16,121585.3,297.26,1976.7,754003,1085.4,107208,0.467,1.6158,5.5,11,7.75,3.81,4.2,0
15-Apr-87,2282.95,150795.1,284.44,1922.2,889501,1094.76,199888,0.4682,1.6325,5.5,11,7.75,3.81,4.2,0
22-Apr-87,2285.94,102523.1,287.19,1955.7,,1132.5,182224,0.4683,1.63,5.5,11,7.75,3.81,4.2,0
29-Apr-87,2254.26,137004.1,284.57,2038.6,840841,1129.54,267424,0.4698,1.6605,5.5,11,7.75,3.81,4.2,0
6-May-87,2342.19,122521.9,295.47,2086.5,,1147.5,217869,0.4719,1.687,5.5,10.5,8,3.8,4.19,0.47
13-May-87,2329.68,148619.3,293.98,2163.4,1372064,1180.52,263847,0.4713,1.6693,5.5,10,8,3.8,4.19,0.47
20-May-87,2215.87,78128.7,278.21,2174,1286260,1207.83,384339,0.473,1.6835,5.5,10,8.25,3.8,4.19,0.47
27-May-87,2295.81,76480.8,288.73,2145.7,,1213.7,283074,0.4724,1.625,5.5,10,8.25,3.8,4.19,0.47
3-Jun-87,2320.69,82096.8,293.47,2235.4,1138541,1239.45,287101,0.4729,1.643,5.5,10,8.25,3.72,4.19,0.82
10-Jun-87,2353.61,81817.3,297.47,2256.1,952498,1224.37,304013,0.4739,1.659,5.5,10,8.25,3.72,4.19,0.82
17-Jun-87,2407.35,95810.3,304.81,2320.4,1208745,1236.6,224783,0.4715,1.63,5.5,10,8.25,3.72,4.19,0.82
24-Jun-87,2428.41,123454.4,306.86,2284,1100942,1252.4,301439,0.4734,1.6245,5.5,10,8.25,3.72,4.19,0.82
1-Jul-87,2409.76,90062,302.94,2269.8,747810,1261.18,249316,0.4722,1.6175,5.5,10,8.25,3.9,4.41,1.29
8-Jul-87,2463.97,89139.1,308.29,2356.9,922917,1333.44,271424,0.471,1.6182,5.5,10,8.25,3.9,4.41,1.29
15-Jul-87,2483.74,110777.3,310.42,2419.2,896211,1380.71,402967,0.4735,1.637,5.5,10,8.25,3.9,4.41,1.29
22-Jul-87,2470.18,88005.7,308.47,2344.5,916374,1385.87,330440,0.4726,1.5975,5.5,10,8.25,3.9,4.41,1.29
29-Jul-87,2539.54,103960.2,315.65,2383.1,906046,1383.1,240181,0.4738,1.6005,5.5,10,8.25,3.9,4.41,1.29
5-Aug-87,2566.65,114184.3,318.45,2317.4,1017784,1407.22,197347,0.4738,1.58,5.5,10,8.25,4.29,4.4,1.4
12-Aug-87,2669.32,127206.4,332.39,2286.1,1113746,1491.2,239084,0.4753,1.5795,5.5,11,8.25,4.29,4.4,1.4
19-Aug-87,2665.82,121448,329.83,2197.6,807119,1432.9,169970,0.4756,1.6225,5.5,11,8.25,4.29,4.4,1.4
26-Aug-87,2701.85,115512.3,334.57,2249.6,785891,1505.4,169667,0.4745,1.618,5.5,11,8.25,4.29,4.4,1.4
2-Sep-87,2602.04,107492.1,321.68,2249.5,,1426.31,158351,0.4763,1.6545,5.5,11,8.25,4.3,4.17,1.05
9-Sep-87,2549.27,93254.3,313.92,2249.1,673157,1464.17,145329,0.4795,1.646,5.5,11,8.75,4.3,4.17,1.05
16-Sep-87,2530.19,97978.8,314.86,2279.8,653346,1434.2,81673,0.4782,1.646,5.5,11,8.75,4.3,4.17,1.05
23-Sep-87,2585.67,98991.3,321.19,2352.4,835210,1366.78,109501,0.4782,1.6435,5.5,11,8.75,4.3,4.17,1.05
30-Sep-87,2596.28,100969.7,321.83,2366,791544,1398.28,103819,0.4789,1.6255,5.5,11,8.75,4.3,4.17,1.05
7-Oct-87,2551.08,109174.6,318.54,2359.8,850038,1449,93595,0.4769,1.643,5.5,11,9.25,4.48,4.47,0.81
14-Oct-87,2412.7,117129.5,305.23,2322.9,834269,1430.78,88875,0.478,1.658,5.5,11,9.25,4.48,4.47,0.81
21-Oct-87,2027.85,336789,258.38,1943.8,1428338,967.95,171456,0.4785,1.649,5.5,11,9.25,4.48,4.47,0.81
28-Oct-87,1846.82,194088.4,233.28,1658.4,1472120,812.9,336556,0.4818,1.725,5.5,10.5,9,4.48,4.47,0.81
4-Nov-87,1945.29,148497.6,248.96,1608.1,1114507,857.5,,0.4863,1.753,5.5,10.5,9,4.53,4.13,1.4
11-Nov-87,1899.2,116488.4,241.9,1639.3,1085586,780.8,156963,0.4895,1.7865,5.5,10,8.75,4.53,4.13,1.4
18-Nov-87,1939.16,103978.9,245.55,1663.7,967805,836.6,124694,0.4892,1.7735,5.5,10,8.75,4.53,4.13,1.4
25-Nov-87,1946.95,62855.2,244.1,1664.1,676088,822.7,77695,0.491,1.7935,5.5,10,8.75,4.53,4.13,1.4
2-Dec-87,1848.97,75609.4,233.45,1590.3,582559,782.4,84406,0.4931,1.8125,5.5,10,8.75,4.4,3.71,1.52
9-Dec-87,1902.52,109912.4,238.89,1639.3,729708,728.3,125505,0.4926,1.8045,5.5,9.5,8.75,4.4,3.71,1.52
16-Dec-87,1974.47,121294.3,248.08,1689.8,729845,763.26,100822,0.5006,1.836,5.5,9.5,8.75,4.4,3.71,1.52
23-Dec-87,2005.64,129055.9,253.16,1771.4,782288,833.15,143902,0.5,1.826,5.5,9.5,8.75,4.4,3.71,1.52
30-Dec-87,1950.1,47004.7,247.86,1759.8,,823.58,139114,0.5019,1.8575,5.5,9.5,8.75,4.4,3.71,1.52
6-Jan-88,2037.8,82235.4,258.89,1787.1,,906,,0.4938,1.8095,5.5,9.5,8.75,4.04,3.3,0.7
13-Jan-88,1924.73,120514.6,245.81,1733.4,719355,853.9,,0.4941,1.822,5.5,9.5,8.75,4.04,3.3,0.7
20-Jan-88,1879.14,108146.5,242.63,1752.8,696592,924,192928,0.4944,1.797,5.5,9.5,8.75,4.04,3.3,0.7
27-Jan-88,1911.14,55904.9,249.38,1765.2,600774,897.3,123093,0.4954,1.783,5.5,9.5,8.75,4.04,3.3,0.7
3-Feb-88,1924.57,122242,252.21,1766.3,707820,895.5,108628,0.4954,1.762,5.5,10,8.625,3.91,3.29,2.21
10-Feb-88,1962.04,130958.8,256.66,1718.5,623374,857.74,90183,0.4959,1.76,5.5,10,8.5,3.91,3.29,2.21
17-Feb-88,2000.99,76869.3,259.21,1748.1,515784,886.58,78752,0.4963,1.7535,5.5,10,8.5,3.91,3.29,2.21
24-Feb-88,2039.95,112223.3,264.43,1760.1,562510,892.3,77568,0.4964,1.764,5.5,10,8.5,3.91,3.29,2.21
2-Mar-88,2071.29,107323.4,267.98,1808.7,732639,892.2,81156,0.4969,1.7685,5.5,10,8.5,3.89,3.48,1.87
9-Mar-88,2074.27,86773.8,269.06,1815.3,793827,932.3,,0.4968,1.8482,5.5,10,8.5,3.89,3.48,1.87
16-Mar-88,2064.32,76976.2,268.85,1825.7,874942,946.5,,0.4964,1.849,5.5,10,8.5,3.89,3.48,1.87
23-Mar-88,2067.64,101352.4,268.91,1832.2,635885,961.5,163436,0.4961,1.8378,5.5,9.5,8.5,3.89,3.48,1.87
30-Mar-88,1978.12,83300.9,258.07,1756.9,673133,930,130940,0.4988,1.8815,5.5,9.5,8.5,3.89,3.48,1.87
6-Apr-88,2061.67,62455,265.49,1745,,935,67745,0.4993,1.872,5.5,9.5,8.5,3.87,3.93,1.51
13-Apr-88,2107.1,99292.6,271.57,1810.4,638508,955.4,114749,0.4982,1.8382,5.5,9,8.5,3.87,3.93,1.51
20-Apr-88,1985.41,120993.2,256.13,1786.8,691199,938.4,,0.4995,1.893,5.5,9,8.5,3.87,3.93,1.51
27-Apr-88,2047.16,96796.6,263.8,1806.7,689337,956.9,93835,0.4991,1.875,5.5,9,8.5,3.87,3.93,1.51
4-May-88,2036.31,84812.8,260.32,1794.7,,972.68,,0.4988,1.8657,5.5,9,8.5,3.91,4.22,1.63
11-May-88,1965.85,108665.3,253.31,1756.8,724533,966.31,114762,0.4993,1.8816,5.5,9,9,3.91,4.22,1.63
18-May-88,1951.09,76741.6,251.35,1777.6,679089,975.01,122143,0.4966,1.8665,5.5,8.5,9,3.91,4.22,1.63
25-May-88,1961.37,84150.1,253.76,1787.9,742796,969.42,119520,0.4959,1.8637,5.5,8.5,9,3.91,4.22,1.63
1-Jun-88,2064.01,119872.9,266.69,1805.7,,1006.44,226405,0.4953,1.813,5.5,8.5,9,3.93,4.61,1.39
8-Jun-88,2102.95,64471,271.52,1828.2,739193,1040.51,260239,0.4959,1.8095,5.5,9.5,9,3.93,4.61,1.39
15-Jun-88,2131.4,113909.5,274.45,1869.3,737466,1066.4,265743,0.4938,1.786,5.5,9.5,9,3.93,4.61,1.39
22-Jun-88,2152.2,118719.6,275.66,1879.3,678509,1071.99,279871,0.4918,1.769,5.5,10,9,3.93,4.61,1.39
29-Jun-88,2121.98,86612.3,270.98,1855.1,736985,1085.38,292567,0.4885,1.714,5.5,10.5,9,3.93,4.61,1.39
6-Jul-88,2130.16,76866.6,272.02,1870,650217,1091.92,259717,0.4882,1.7145,5.5,11,9,4.15,4.81,1.61
13-Jul-88,2104.37,76771.4,269.32,1871.3,623130,1109.19,158736,0.4883,1.6942,5.5,11,9,4.15,4.81,1.61
20-Jul-88,2110.6,81823.9,270,1867.2,607715,1145.54,223245,0.4894,1.7093,5.5,11.5,9.5,4.15,4.81,1.61
27-Jul-88,2053.7,67118.9,262.5,1840.8,485984,1136.31,195625,0.4914,1.7405,5.5,11.5,9.5,4.15,4.81,1.61
3-Aug-88,2134.07,94097.4,272.98,1865.1,640500,1170.2,,0.4886,1.7122,5.25,11.5,9.5,4.01,5.68,1.5
10-Aug-88,2034.14,74660.4,261.9,1839.9,620715,1147.96,,0.489,1.6965,5.25,12,9.5,4.01,5.68,1.5
17-Aug-88,2025.96,93550.7,260.77,1830.9,567640,1120.27,,0.4904,1.692,5.25,12,10,4.01,5.68,1.5
24-Aug-88,2026.67,72996.4,261.13,1819.2,459913,1065.03,189002,0.4907,1.6855,5.25,12,10,4.01,5.68,1.5
31-Aug-88,2031.65,59983.4,261.52,1753.6,,1036.59,177588,0.4891,1.6855,5.25,13,10,4.01,5.68,1.5
7-Sep-88,2065.79,61024.9,265.87,1756.1,510849,1063.2,150541,0.4907,1.708,5.25,13,10,4.19,5.86,1.5
14-Sep-88,2100.64,80782.3,269.31,1765.1,592183,1067.52,92050,0.4889,1.6793,5.25,13,10,4.19,5.86,1.5
21-Sep-88,2090.5,86354.6,270.16,1796.8,632284,1046.53,,0.4906,1.6738,5.25,13,10,4.19,5.86,1.5
28-Sep-88,2085.53,63826.3,269.08,1812.5,622412,1030.3,68160,0.4901,1.69,5.25,13,10,4.19,5.86,1.5
5-Oct-88,2106.51,88431.6,271.86,1826.3,745923,993.18,,0.4906,1.6965,5.25,13,10,4.27,6.41,1.5
12-Oct-88,2126.24,76395.6,273.98,1814.3,791608,1004.18,87016,0.4917,1.733,5.25,13,10,4.27,6.41,1.5
19-Oct-88,2137.27,85349.6,276.97,1862.5,783943,1019.16,80436,0.4957,1.7501,5.25,13,10,4.27,6.41,1.5
26-Oct-88,2165.18,105562.6,281.38,1850.7,720088,1043.22,121555,0.499,1.761,5.25,13,10,4.27,6.41,1.5
2-Nov-88,2156.83,95671.3,279.06,1843.2,691919,1030.12,88797,0.4997,1.7875,5.25,13,10,4.2,6.38,1.38
9-Nov-88,2118.24,88751.3,273.33,1825.7,684161,1026.46,66269,0.5083,1.7974,5.25,13,10,4.2,6.38,1.38
16-Nov-88,2038.58,83264.1,263.82,1807.3,770824,998.55,,0.5141,1.83,5.25,13,10,4.2,6.38,1.38
23-Nov-88,2092.28,68154.9,269,1837.1,665781,1008.24,78859,0.5147,1.837,5.25,13,10,4.2,6.38,1.38
30-Nov-88,2114.51,52327.9,273.7,1792.4,713718,1005.49,63933,0.5136,1.8505,5.25,14,10.5,4.2,6.38,1.38
7-Dec-88,2153.63,81050.3,278.13,1771.7,708852,998.99,67115,0.5138,1.84,5.25,14,10.5,4.42,6.78,1.49
14-Dec-88,2134.25,40148.4,275.31,1756.1,705570,1001.3,93099,0.5157,1.8315,5.25,14,10.5,4.42,6.78,1.49
21-Dec-88,2164.64,90948.3,277.38,1772.6,662663,1014.41,,0.5134,1.8065,5.25,14,10.5,4.42,6.78,1.49
28-Dec-88,2166.43,40395.4,277.08,1787.7,,1046.93,,0.5138,1.7885,5.25,14,10.5,4.42,6.78,1.49
4-Jan-89,2177.68,56375.5,279.43,1793,,1030.69,,0.5154,1.8095,5.25,14,10.5,4.67,7.45,1.61
11-Jan-89,2206.43,84702.8,282.01,1834.1,827544,1085.59,,0.5154,1.7835,5.25,14,10.5,4.67,7.45,1.61
18-Jan-89,2238.75,85364.1,286.53,1892.1,810922,1094.41,260751,0.5138,1.7523,5.25,14,10.5,4.67,7.45,1.61
25-Jan-89,2265.89,110296.3,289.14,1939,1215822,1101.39,,0.5161,1.77,5.25,14,10.5,4.67,7.45,1.61
1-Feb-89,2338.21,159378.6,297.09,2039.7,1453243,1137.01,354839,0.517,1.7545,5.25,14,10.5,4.83,7.81,0.91
8-Feb-89,2343.21,107189.9,298.65,2096.2,900311,1151.8,,0.5194,1.743,5.25,14,10.5,4.83,7.81,0.91
15-Feb-89,2303.93,68959.7,294.24,2047.5,766774,1122.56,325944,0.5198,1.7747,5.25,14,11,4.83,7.81,0.91
22-Feb-89,2283.93,75430.2,290.91,2033.7,727437,1138.75,218873,0.5193,1.7457,5.5,14,11,4.83,7.81,0.91
1-Mar-89,2243.04,86761.1,287.11,2021.3,762465,1105.77,284743,0.5174,1.7225,5.5,14,11.5,4.98,7.88,1.26
8-Mar-89,2295.54,86416.4,294.08,2083.3,756846,1136.96,240108,0.5169,1.7208,5.5,14,11.5,4.98,7.88,1.26
15-Mar-89,2320.54,87770,296.67,2121.2,735320,1179.91,381056,0.5165,1.72,5.5,14,11.5,4.98,7.88,1.26
22-Mar-89,2263.21,114795.1,290.49,2048.6,758135,1183.44,,0.5155,1.725,5.5,14,11.5,4.98,7.88,1.26
29-Mar-89,2281.52,64852.8,292.35,2071.7,,1194.63,,0.5112,1.6865,5.5,14,11.5,4.98,7.88,1.26
5-Apr-89,2304.8,81694.3,296.24,2078.2,722728,1191.26,413917,0.5128,1.701,5.5,14,11.5,5.12,8.03,1.95
12-Apr-89,2319.65,76014.4,298.99,2033,673990,1219.02,591104,0.5105,1.691,5.5,14,11.5,5.12,8.03,1.95
19-Apr-89,2386.91,74382.4,307.15,2087,732658,1256.85,,0.5137,1.711,5.5,14,11.5,5.12,8.03,1.95
26-Apr-89,2389.1,84661.3,306.93,2093.4,630097,1250.31,503145,0.5142,1.69,5.5,14,11.5,5.12,8.03,1.95
3-May-89,2393.7,102384.7,308.16,2105.7,,1284.87,499124,0.512,1.682,5.5,14,11.5,5.36,8.29,2.4
10-May-89,2374.45,81991.4,305.8,2117,660882,1280.67,642726,0.5109,1.676,5.5,14,11.5,5.36,8.29,2.4
17-May-89,2462.43,109680.5,317.48,2155.8,668874,1310.02,501592,0.508,1.615,5.5,14,11.5,5.36,8.29,2.4
24-May-89,2483.87,137783.1,319.14,2132.7,931858,1280.57,441351,0.512,1.568,5.5,15,11.5,5.36,8.29,2.4
31-May-89,2480.15,72688.4,320.52,2114.4,,1279.24,314669,0.512,1.574,5.5,15,11.5,5.36,8.29,2.4
7-Jun-89,2512.32,169988.3,326.95,2117.9,770320,1226.74,,0.5133,1.5785,5.5,15,11,5.17,8.26,2.86
14-Jun-89,2503.36,98271.6,323.83,2133.6,760110,1298.47,429337,0.5081,1.5135,5.5,15,11,5.17,8.26,2.86
21-Jun-89,2464.91,106016.4,320.48,2172.2,685598,1302.3,362749,0.5102,1.5565,5.5,15,11,5.17,8.26,2.86
28-Jun-89,2504.74,56332.4,325.81,2209.4,791270,1308.44,446718,0.5104,1.56,5.5,15,11,5.17,8.26,2.86
5-Jul-89,2456.56,61996.5,320.64,2162.9,595064,1305.01,608847,0.5096,1.624,5.5,15,11,4.98,8.25,2.38
12-Jul-89,2532.63,75098.1,329.81,2256.7,983915,1353.73,673978,0.5115,1.6245,5.5,15,10.75,4.98,8.25,2.38
19-Jul-89,2584.41,88012.6,335.73,2292.5,1061694,1369.02,,0.5102,1.6135,5.5,15,10.75,4.98,8.25,2.38
26-Jul-89,2613.05,114240.6,338.05,2264.5,672812,1370.35,658838,0.5109,1.6565,5.5,15,10.75,4.98,8.25,2.38
2-Aug-89,2657.44,118852,344.34,2307.8,765004,1362.27,522120,0.514,1.6575,5.5,15,10.5,4.71,7.32,2.61
9-Aug-89,2686.08,110018.5,346.94,2360.4,995609,1361.76,,0.5122,1.625,5.5,15,10.5,4.71,7.32,2.61
16-Aug-89,2693.29,99911,345.66,2345.8,823911,1377.3,607014,0.5115,1.581,5.5,15,10.5,4.71,7.32,2.61
23-Aug-89,2678.11,87419.3,344.7,2382.4,752057,1376.74,545487,0.5091,1.573,5.5,15,10.5,4.71,7.32,2.61
30-Aug-89,2728.15,90447.8,350.65,2381.3,,1350.21,365811,0.5089,1.577,5.5,15,10.5,4.71,7.32,2.61
6-Sep-89,2719.79,75296.9,349.24,2390.8,723134,1396.68,472864,0.5062,1.5505,5.5,15,10.5,4.34,7.56,2.5
13-Sep-89,2679.52,95036.4,345.46,2401.5,723866,1420.52,486393,0.505,1.56,5.5,15,10.5,4.34,7.56,2.5
20-Sep-89,2683.89,94165.3,346.47,2369.8,741175,1394.97,352273,0.5053,1.5825,5.5,15,10.5,4.34,7.56,2.5
27-Sep-89,2673.06,80438.6,345.1,2331.2,685518,1379.02,437070,0.5089,1.616,5.5,15,10.5,4.34,7.56,2.5
4-Oct-89,2771.09,116107.4,356.94,2312.1,693916,1408.26,368311,0.5092,1.6015,5.5,15,10.5,4.49,7.31,3.06
11-Oct-89,2773.36,86585.3,356.99,2218.8,788287,1428.98,421720,0.5068,1.5465,5.5,16,10.5,4.49,7.31,3.06
18-Oct-89,2643.65,179051.1,341.76,2170.1,1176917,1310.22,823593,0.5112,1.59,5.5,16,10.5,4.49,7.31,3.06
25-Oct-89,2653.28,119362.6,342.5,2161.9,613199,1333.25,376901,0.5112,1.6145,5.5,16,10.5,4.49,7.31,3.06
1-Nov-89,2645.9,104811.4,341.2,2160.1,674591,1335.24,282505,0.5099,1.5755,5.5,16,10.5,4.66,7.73,3.29
8-Nov-89,2623.36,88229.8,338.15,2203.8,571096,1321.31,205856,0.5107,1.5885,5.5,16,10.5,4.66,7.73,3.29
15-Nov-89,2632.58,82168.4,340.54,2203.4,623755,1333.72,221099,0.5102,1.5815,5.5,16,10.5,4.66,7.73,3.29
22-Nov-89,2656.78,82244.7,341.91,2192.3,653814,1361.67,233143,0.5102,1.565,5.5,16,10.5,4.66,7.73,3.29
29-Nov-89,2688.78,68123.8,343.6,2255.6,701149,1410.13,372883,0.5125,1.5655,5.5,16,10.5,4.66,7.73,3.29
6-Dec-89,2736.77,104603.4,348.55,2353.7,822158,1443.33,318714,0.5154,1.576,5.5,16,10.5,4.65,7.71,3.28
13-Dec-89,2761.09,85713.4,352.75,2386.2,723552,1464.29,477329,0.5243,1.6005,5.5,16,10.5,4.65,7.71,3.28
20-Dec-89,2687.93,117851.9,342.84,2360.7,714294,1459.89,408197,0.5249,1.6115,5.5,16,10.5,4.65,7.71,3.28
27-Dec-89,2724.4,54078.5,348.81,2395.8,,1483.4,,0.5291,1.627,5.5,16,10.5,4.65,7.71,3.28
3-Jan-90,2809.73,71086.6,358.76,2463.7,,1521.99,,0.5242,1.6105,5.5,16,10.5,5.2,7.66,3.96
10-Jan-90,2750.64,97020.6,347.31,2412.6,901901,1569.52,770952,0.5278,1.6645,5.5,16,10,5.2,7.66,3.96
17-Jan-90,2659.13,104915.4,337.4,2373.9,879133,1533,772424,0.5297,1.652,5.5,16,10,5.2,7.66,3.96
24-Jan-90,2604.5,116755.3,324.17,2278.6,895040,1495.25,644118,0.5333,1.6517,5.5,16,10,5.2,7.66,3.96
31-Jan-90,2590.54,111845.8,329.08,2337.3,759453,1515,,0.5368,1.679,5.5,16,10,5.2,7.66,3.96
7-Feb-90,2640.09,89106.3,333.75,2307.4,777903,1577.31,1094765,0.5381,1.6945,5.5,16,10,5.26,7.51,3.95
14-Feb-90,2624.32,82286.4,332.01,2298.3,716296,1564.7,808267,0.5366,1.695,5.5,16,10,5.26,7.51,3.95
21-Feb-90,2583.56,79441.7,327.67,2259.7,665722,1544.42,940659,0.5376,1.713,5.5,16,10,5.26,7.51,3.95
28-Feb-90,2627.25,103279.8,331.89,2255.4,611800,1550.06,813389,0.5359,1.6795,5.5,16,10,5.26,7.51,3.95
7-Mar-90,2669.59,107985.4,336.95,2230.3,614994,1568.9,459634,0.5338,1.644,5.5,16,10,5.23,8.1,3.73
14-Mar-90,2687.84,97482.3,336.87,2226.1,591529,1564.81,422896,0.5336,1.61,5.5,16,10,5.23,8.1,3.73
21-Mar-90,2727.93,107621.8,339.74,2250.3,604760,1572.19,376552,0.5323,1.595,5.5,16,10,5.23,8.1,3.73
28-Mar-90,2743.96,84598.9,342,2275,592417,1605.1,490221,0.5304,1.627,5.5,16,10,5.23,8.1,3.73
4-Apr-90,2719.37,85804.5,341.09,2231.6,734593,1543.01,416597,0.5322,1.641,5.5,16,10,4.71,9.45,3.71
11-Apr-90,2729.73,65209.9,341.92,2215.5,487972,1522.21,321709,0.5329,1.6425,5.5,16,10,4.71,9.45,3.71
18-Apr-90,2732.88,66325.6,340.72,2205.9,,1534.11,206339,0.5329,1.64,5.5,16,10,4.71,9.45,3.71
25-Apr-90,2666.44,89426.9,332.03,2143.1,644725,1467.84,219253,0.5329,1.6375,5.5,16,10,4.71,9.45,3.71
2-May-90,2689.64,78172.4,334.48,2137.6,683956,1458.18,209804,0.5339,1.6425,5.5,16,10,4.36,9.74,3.13
9-May-90,2732.88,80232.7,342.86,2162.7,,1516.4,342363,0.5358,1.6795,5.5,16,10,4.36,9.74,3.13
16-May-90,2819.68,120168.4,354,2221.1,774162,1524.35,344077,0.5397,1.6795,5.5,16,10,4.36,9.74,3.13
23-May-90,2856.26,107471.3,359.29,2287.4,1001292,1572.95,421088,0.5398,1.6935,5.5,16,10,4.36,9.74,3.13
30-May-90,2878.56,81039.8,360.86,2346.2,,1557.44,350504,0.5413,1.696,5.5,16,10,4.36,9.74,3.13
6-Jun-90,2911.65,107846.8,364.96,2358.5,984653,1550.93,247760,0.5411,1.6885,5.5,16,10,4.67,9.79,2.89
13-Jun-90,2929.95,97955.1,364.9,2405.4,859744,1535.09,292371,0.5413,1.7118,5.5,16,10,4.67,9.79,2.89
20-Jun-90,2895.3,101018.1,359.1,2371.2,728053,1535.85,214497,0.543,1.722,7,16,10,4.67,9.79,2.89
27-Jun-90,2862.14,83623.1,355.14,2373.5,687184,1533.25,273771,0.5423,1.744,7,16,10,4.67,9.79,2.89
4-Jul-90,2911.64,58150.2,360.16,2355.5,695615,1528.25,265387,0.5459,1.776,7,16,10,4.82,9.78,2.66
11-Jul-90,2932.68,79162.3,361.23,2360.5,666237,1523.68,227737,0.551,1.8005,7,16,10,4.82,9.78,2.66
18-Jul-90,2981.68,114564.3,364.22,2402,943806,1565.92,479768,0.5508,1.8155,7,16,10,4.82,9.78,2.66
25-Jul-90,2930.94,124043.6,357.09,2364.7,757886,1561.24,335201,0.5495,1.809,7,16,10,4.82,9.78,2.66
1-Aug-90,2899.26,102178.6,355.52,2339,608053,1557.76,325833,0.5542,1.8565,7,16,10,5.62,10.62,2.77
8-Aug-90,2734.9,196904.4,338.35,2237.5,1093595,1375.72,563555,0.5536,1.87,6,16,10,5.62,10.62,2.77
15-Aug-90,2748.28,90837.1,340.06,2239.3,881637,1317.8,447355,0.5571,1.9,6,16,10,5.62,10.62,2.77
22-Aug-90,2560.16,131398.3,316.55,2104.8,787413,1182.02,338527,0.5599,1.9265,6,16,10,5.62,10.62,2.77
29-Aug-90,2632.44,103856.9,324.19,2125.7,,1214.56,501526,0.5672,1.945,6,16,10,5.62,10.62,2.77
5-Sep-90,2628.22,43365.7,324.39,2152.2,595906,1258.03,264049,0.5724,1.9055,6,16,10,6.16,10.89,3.65
12-Sep-90,2625.74,75282.7,322.54,2142.3,634410,1248.74,210019,0.565,1.86,6,16,10,6.16,10.89,3.65
19-Sep-90,2557.44,89709.4,316.6,2065.8,652808,1172.48,211878,0.5667,1.8845,6,16,10,6.16,10.89,3.65
26-Sep-90,2459.66,118233.8,305.06,2000,883151,1104.24,191311,0.5667,1.8705,6,16,10,6.16,10.89,3.65
3-Oct-90,2489.36,118029.3,311.4,2087,784351,1119.27,229895,0.5698,1.9015,6,16,10,6.29,10.89,3.85
10-Oct-90,2407.92,93239.1,300.39,2121.8,1430778,1090.14,114765,0.5777,1.967,7.5,15,10,6.29,10.89,3.85
17-Oct-90,2387.88,109734,298.76,2068,723189,1098.6,,0.5826,1.9605,7.5,15,10,6.29,10.89,3.85
24-Oct-90,2504.22,120372.1,312.6,2110.5,682720,1211.01,291083,0.5857,1.9575,7.5,15,10,6.29,10.89,3.85
31-Oct-90,2442.34,90388.5,304,2050.3,671949,1153.95,187624,0.5865,1.947,7.5,15,10,6.29,10.89,3.85
7-Nov-90,2440.84,48954.3,306.01,2059.2,682450,1108.47,136113,0.5877,1.967,7.5,15,10,6.27,9.7,3.51
14-Nov-90,2559.65,96464.4,320.4,2046,715242,1114.82,143461,0.5839,1.961,7.5,15,10,6.27,9.7,3.51
21-Nov-90,2539.36,97137.8,316.03,2126.3,835053,1126.98,181499,0.5846,1.97,7.5,15,10,6.27,9.7,3.51
28-Nov-90,2535.14,56313.4,317.95,2144.3,908234,1115.82,135322,0.5874,1.971,7.5,15,10,6.27,9.7,3.51
5-Dec-90,2610.4,114455.6,329.92,2152.6,903415,1124.22,190115,0.5819,1.926,6.5,15,10,6.11,9.34,3.72
12-Dec-90,2622.28,104685.4,330.19,2156.9,845173,1184.69,294310,0.5836,1.949,6.5,15,10,6.11,9.34,3.72
19-Dec-90,2626.74,85629.6,330.2,2178.7,939103,1173.64,221025,0.579,1.932,6.5,15,10,6.11,9.34,3.72
26-Dec-90,2637.12,69337.8,330.85,2156.3,,1171.94,,0.5711,1.8825,6.5,15,9.75,6.11,9.34,3.72
2-Jan-91,2610.64,43654.4,326.45,2128.3,,1153.48,,0.5754,1.9435,6.5,15,9.75,5.65,8.95,3.27
9-Jan-91,2470.3,78972.7,311.49,2128.9,574104,1167.29,128609,0.5682,1.8975,6.5,15,9.5,5.65,8.95,3.27
16-Jan-91,2508.92,70441.4,316.17,2054.8,542370,1149.08,,0.5661,1.906,6.5,15,9.5,5.65,8.95,3.27
23-Jan-91,2619.06,139663.2,330.21,2080.5,757888,1200.26,280566,0.5777,1.959,6.5,15,9.5,5.65,8.95,3.27
30-Jan-91,2713.1,114610.6,340.91,2152.6,924070,1248.44,355661,0.578,1.9605,6.5,15,9.5,5.65,8.95,3.27
6-Feb-91,2830.94,148836.3,358.07,2194.8,1072717,1286.17,,0.5857,2.004,6.5,15,9,5.31,8.9,3.91
13-Feb-91,2909.16,143748.7,369.02,2267.8,1023016,1323.25,466825,0.5848,1.982,6.5,14.5,9,5.31,8.9,3.91
20-Feb-91,2899.02,116303.9,365.14,2296.8,1056006,1397.4,837660,0.5804,1.9485,6.5,14.5,9,5.31,8.9,3.91
27-Feb-91,2889.12,118732.4,367.74,2348,916811,1443.35,686775,0.5795,1.918,6.5,14,8.875,5.31,8.9,3.91
6-Mar-91,2973.28,134643.1,376.17,2459.9,1272283,1509.17,,0.5742,1.894,6.5,14,8.875,4.9,8.24,3.82
13-Mar-91,2955.2,82934.9,374.57,2448.2,1006089,1485.19,1053776,0.5727,1.8625,6.5,14,8.875,4.9,8.24,3.82
20-Mar-91,2872.04,131430.1,367.92,2441.2,943297,1459.69,650273,0.565,1.7875,6.5,14,8.875,4.9,8.24,3.82
27-Mar-91,2917.58,108863.9,375.35,2464.6,850280,1472.5,404561,0.5587,1.7385,6.5,13.5,8.875,4.9,8.24,3.82
3-Apr-91,2926.74,75833.6,378.94,2519.1,,1488.07,389742,0.5659,1.7725,6.5,13.5,8.875,4.89,6.39,3.8
10-Apr-91,2874.5,90693.4,373.15,2518.8,933302,1460.16,,0.5693,1.7735,6.5,13.5,8.875,4.89,6.39,3.8
17-Apr-91,3004.46,127315.1,390.45,2545,806502,1513.52,284968,0.5703,1.7875,6.5,13,8.875,4.89,6.39,3.8
24-Apr-91,2949.52,108914.8,382.76,2488.6,690358,1536.67,422329,0.5631,1.6985,6.5,13,9,4.89,6.39,3.8
1-May-91,2930.2,99324.3,380.29,2508.4,691501,1553.94,386620,0.5696,1.7225,6.5,13,8.75,4.95,5.78,3.9
8-May-91,2930.9,85502.6,378.51,2523.4,,1523.15,259709,0.5647,1.7205,6.5,13,8.5,4.95,5.78,3.9
15-May-91,2865.38,103745.1,368.57,2459.4,749930,1513.4,182921,0.5669,1.7535,6.5,13,8.5,4.95,5.78,3.9
22-May-91,2910.34,81974.2,376.19,2465.9,702007,1525.03,215632,0.5642,1.7285,6.5,13,8.5,4.95,5.78,3.9
29-May-91,2969.6,76051.1,382.79,2492.9,,1549.59,323640,0.5666,1.728,6.5,12.5,8.5,4.95,5.78,3.9
5-Jun-91,3005.36,116086.9,385.09,2521.5,696598,1558.06,269623,0.5647,1.693,6.5,12.5,8.5,4.7,5.84,3.89
12-Jun-91,2961.98,83317.6,376.65,2520.2,715042,1541.84,176535,0.5596,1.6445,6.5,12.5,8.5,4.7,5.84,3.89
19-Jun-91,2955.5,92939,375.09,2484.7,616604,1514.22,161247,0.5596,1.635,6.5,12.5,8.5,4.7,5.84,3.89
26-Jun-91,2913.02,108707.3,371.59,2437.3,624692,1502.59,177041,0.5658,1.638,6.5,12.5,8.5,4.7,5.84,3.89
3-Jul-91,2934.7,93699.3,373.33,2448.2,778469,1486.73,188378,0.5647,1.6065,7,12.5,8.5,4.45,5.52,4
10-Jul-91,2944.76,58308.3,375.74,2508.4,673001,1476.17,252950,0.57,1.6225,7,12.5,8.5,4.45,5.52,4
17-Jul-91,2978.76,81734.9,381.18,2561,922330,1454.99,166695,0.5708,1.65,7,12,8.5,4.45,5.52,4
24-Jul-91,2966.24,95152.9,378.64,2580.5,853455,1501.33,302504,0.5727,1.6923,7,12,8.5,4.45,5.52,4
31-Jul-91,3024.82,80631.8,387.81,2588.8,888411,1482.87,222021,0.5736,1.6865,7,12,8.5,4.45,5.52,4
7-Aug-91,3026.62,89843.8,390.56,2597.4,754823,1465.55,181169,0.5794,1.7125,7,12,8.5,3.8,4.68,3.66
14-Aug-91,3005.38,95274.4,389.9,2608.8,767543,1434.07,205967,0.5811,1.6855,7,12,8.5,3.8,4.68,3.66
21-Aug-91,3001.78,132558.3,390.59,2601.9,1008002,1345.45,394231,0.5799,1.6915,7,12,8.5,3.8,4.68,3.66
28-Aug-91,3055.24,80731.4,396.64,2624.2,,1390.2,268687,0.5814,1.6885,7,12,8.5,3.8,4.68,3.66
4-Sep-91,3008.5,57661.2,389.97,2664.6,722403,1426.42,236566,0.5821,1.695,7,12,8.5,3.39,4.1,3.1
11-Sep-91,2987.1,98844,385.09,2626.6,662737,1417.93,163412,0.5872,1.728,7,11.5,8.5,3.39,4.1,3.1
18-Sep-91,3017.88,88158.3,386.94,2583.6,1035166,1385.34,196830,0.5908,1.7305,7,11.5,8,3.39,4.1,3.1
25-Sep-91,3021.02,106128.8,386.88,2597.8,907611,1377.46,112504,0.5907,1.735,7,11.5,8,3.39,4.1,3.1
2-Oct-91,3012.52,77700.3,388.26,2644.2,877802,1357.04,188228,0.5931,1.7495,7,11.5,8,2.92,3.68,2.33
9-Oct-91,2946.34,111070.5,376.8,2584.1,611132,1338.99,157016,0.5889,1.72,7,11.5,8,2.92,3.68,2.33
16-Oct-91,3061.72,99379.6,392.8,2579,768860,1370.23,211014,0.59,1.708,7.25,11.5,8,2.92,3.68,2.33
23-Oct-91,3040.92,103226.4,387.94,2561.1,777650,1424.58,,0.5889,1.6995,7.25,11.5,8,2.92,3.68,2.33
30-Oct-91,3071.78,94987.8,392.96,2577.1,846762,1402.5,300670,0.5907,1.7425,7.25,11.5,8,2.92,3.68,2.33
6-Nov-91,3038.46,80204.8,389.97,2534.2,760415,1443.79,243341,0.5956,1.7725,7.25,11.5,7.5,2.99,4.31,2.55
13-Nov-91,3065.3,87095.1,397.41,2546.5,916842,1472.41,599427,0.5958,1.773,7.25,11.5,7.5,2.99,4.31,2.55
20-Nov-91,2930,126330.7,378.53,2472.6,1030238,1443.15,372288,0.6011,1.7965,7.25,11.5,7.5,2.99,4.31,2.55
27-Nov-91,2900,100190.3,376.55,2447.5,909324,1456.4,160978,0.5995,1.7685,7.25,11.5,7.5,2.99,4.31,2.55
4-Dec-91,2911.7,64767.1,380.07,2423.8,866279,1438.44,120719,0.6019,1.781,7.25,11.5,7.5,3.06,4.46,2.96
11-Dec-91,2865.4,100469.6,377.7,2380.2,942148,1422.73,124517,0.6048,1.806,7.25,11.5,7.5,3.06,4.46,2.96
18-Dec-91,2908.1,95177.9,383.48,2413.6,1001959,1438.18,168094,0.6073,1.831,7.25,11.5,7.5,3.06,4.46,2.96
25-Dec-91,3051,112003.8,399.33,2384.4,,1445.43,,0.6139,1.8725,6.5,11.5,6.5,3.06,4.46,2.96
1-Jan-92,3168.8,90134.8,417.09,2493.1,,1490.7,,0.6171,1.8695,6.5,11.5,6.5,2.6,4.15,2.85
8-Jan-92,3203.9,129001.1,418.1,2467.1,945380,1494.55,245501,0.6169,1.88,6.5,11.5,6.5,2.6,4.15,2.85
15-Jan-92,3258.5,126669.6,420.77,2537.1,1052706,1509.3,261244,0.6064,1.748,6.5,11.5,6.5,2.6,4.15,2.85
22-Jan-92,3255.8,141815.1,418.13,2522,1117322,1541.3,408405,0.6127,1.805,5.75,11.5,6.5,2.6,4.15,2.85
29-Jan-92,3225,121296.8,410.34,2546.5,892360,1532.83,217075,0.6107,1.796,5.75,11.5,6.5,2.6,4.15,2.85
5-Feb-92,3257.6,112881.8,413.84,2547.1,1010887,1525.97,139543,0.6116,1.816,5.75,11.5,6.5,2.82,4.13,1.78
12-Feb-92,3276.8,113220.3,417.13,2523.7,841966,1521.1,267039,0.6124,1.7875,5.75,11.5,6.5,2.82,4.13,1.78
19-Feb-92,3230.3,88359.2,408.26,2536.7,1063458,1511.22,275338,0.6085,1.754,5.75,11.5,6.5,2.82,4.13,1.78
26-Feb-92,3283.3,112699.6,415.35,2565,1039645,1484.42,330537,0.6079,1.7551,5.75,11.5,6.5,2.82,4.13,1.78
4-Mar-92,3268.6,96223.6,409.33,2558.4,1087447,1459.92,226314,0.6068,1.7243,5.75,11.5,6.5,3.19,4.03,2.1
11-Mar-92,3208.6,91599.6,404.03,2522.4,943383,1447.67,160921,0.5958,1.714,5.75,11.5,6.5,3.19,4.03,2.1
18-Mar-92,3254.3,85396.9,409.15,2464.7,949264,1441.84,170488,0.6057,1.7272,5.75,11.5,6.5,3.19,4.03,2.1
25-Mar-92,3259.4,104841.6,407.52,2464.9,954022,1449.66,153598,0.6039,1.7313,5.75,11.5,6.5,3.19,4.03,2.1
1-Apr-92,3249.3,79858.2,404.23,2408.6,997123,1393.81,166488,0.6024,1.726,5.75,11.5,6.5,3.18,4.28,2.19
8-Apr-92,3181.4,112485.3,394.5,2393.2,1052318,1364.37,,0.6061,1.749,5.5,11.5,6.5,3.18,4.28,2.19
15-Apr-92,3353.8,107883.9,416.28,2640.2,1676533,1394.32,164428,0.6044,1.755,5.5,11.5,6.5,3.18,4.28,2.19
22-Apr-92,3338.8,88368.2,409.81,2607.8,,1403.1,,0.6033,1.7625,5.5,11.5,6.5,3.18,4.28,2.19
29-Apr-92,3333.2,107774.1,412.02,2664.9,1072399,1436.96,173451,0.6046,1.7725,5.5,11.5,6.5,3.18,4.28,2.19
6-May-92,3369.4,97039.1,416.79,2698.7,,1473.26,,0.6059,1.7972,5.5,11,6.5,3.02,4.34,2.4
13-May-92,3392,82989.4,416.45,2720.5,1279513,1461.52,176087,0.6146,1.825,5.5,11,6.5,3.02,4.34,2.4
20-May-92,3393.8,106835.6,415.39,2711.9,1099004,1472.87,,0.6138,1.831,5.5,11,6.5,3.02,4.34,2.4
27-May-92,3370.5,85213.1,412.17,2698.6,,1506.54,227648,0.6118,1.794,5.5,11,6.5,3.02,4.34,2.4
3-Jun-92,3407,105437.4,414.59,2680.9,944019,1513.72,291716,0.6139,1.8195,5.5,11,6.5,3.09,3.88,2.18
10-Jun-92,3343.2,102795.2,407.25,2636.1,875332,1511.41,162329,0.6148,1.833,5.5,11,6.5,3.09,3.88,2.18
17-Jun-92,3287.8,109230.6,402.26,2598.4,926271,1517.44,,0.6163,1.856,5.5,11,6.5,3.09,3.88,2.18
24-Jun-92,3290.7,123447.8,403.83,2532.6,958837,1488.71,250817,0.6175,1.8805,5.5,11,6.5,3.09,3.88,2.18
1-Jul-92,3354.1,96353,412.88,2493.9,1127350,1491.21,207281,0.6182,1.906,5.5,11,6.5,3.16,3.74,2.49
8-Jul-92,3293.28,98506,410.28,2472.6,825800,1473.52,135519,0.6194,1.9305,5.5,11,6,3.16,3.74,2.49
15-Jul-92,3345.4,92390,417.1,2486.4,977909,1481.15,257860,0.6207,1.922,5.5,11,6,3.16,3.74,2.49
22-Jul-92,3277.6,98949.6,410.93,2387.9,974640,1436.9,193974,0.62,1.9065,5.25,11,6,3.16,3.74,2.49
29-Jul-92,3379.2,96805,422.23,2423.2,1260477,1429.59,195653,0.6195,1.921,5.25,11,6,3.16,3.74,2.49
5-Aug-92,3365.1,85094.4,422.19,2392.8,954484,1442.03,158258,0.6207,1.907,5.25,11,6,3.15,3.58,2.28
12-Aug-92,3320.8,93317.1,417.78,2303.1,1130311,1366.23,,0.6213,1.93,5.25,11,6,3.15,3.58,2.28
19-Aug-92,3307.06,76505.9,418.18,2363.5,901758,1312.11,284760,0.6211,1.9365,5.25,11,6,3.15,3.58,2.28
26-Aug-92,3246.8,94984.1,413.51,2285,1013017,1370.53,213330,0.625,1.9868,5.25,11,6,3.15,3.58,2.28
2-Sep-92,3290.32,81154.4,417.98,2313,,1365.14,152265,0.6276,2.0025,5.25,11,6,2.99,3.57,2.18
9-Sep-92,3271.4,71185.1,416.36,2327.5,1000623,1368.54,160897,0.6277,1.973,5.25,11,6,2.99,3.57,2.18
16-Sep-92,3319.22,117369.6,419.92,2378.3,1384712,1367.77,147352,0.6238,1.7855,5.25,11,6,2.99,3.57,2.18
23-Sep-92,3278.7,105929.8,417.44,2580.5,2675318,1330.06,151036,0.624,1.713,5,10,6,2.99,3.57,2.18
30-Sep-92,3271.7,107935.2,417.8,2553,1376197,1350.97,233318,0.6285,1.7775,5,10,6,2.99,3.57,2.18
7-Oct-92,3152.26,118798.8,404.25,2517.1,1289841,1331.67,128656,0.6275,1.712,5,10,6,3.2,3.55,2.49
14-Oct-92,3195.5,95150.2,409.37,2574.7,1043161,1333.85,165643,0.6209,1.707,5,10,6,3.2,3.55,2.49
21-Oct-92,3187.1,150498.9,415.67,2645.7,1403522,1332.71,237177,0.6188,1.6075,5,9,6,3.2,3.55,2.49
28-Oct-92,3251.4,120786.7,420.13,2650.4,1225505,1391.88,,0.6173,1.572,5,9,6,3.2,3.55,2.49
4-Nov-92,3223.04,108230.6,417.11,2691.7,1231693,1421.46,674421,0.6144,1.5395,5,9,6,3.05,3.02,2.48
11-Nov-92,3240.3,114878.1,422.2,2696.8,1302481,1441.86,1242155,0.6111,1.5145,5,9,6,3.05,3.02,2.48
18-Nov-92,3207.4,101226.6,422.85,2704,1201872,1422.93,581619,0.6119,1.5255,5,8,6,3.05,3.02,2.48
25-Nov-92,3266.3,131034.9,429.19,2709.6,1110409,1419.79,592512,0.6127,1.53,5,8,6,3.05,3.02,2.48
2-Dec-92,3286.26,88795.3,429.89,2764.1,1250527,1459.89,678010,0.612,1.552,5,8,6,2.9,2.58,1.74
9-Dec-92,3323.8,115822.3,435.65,2750.7,1335578,1446.74,326603,0.6103,1.5685,5,8,6,2.9,2.58,1.74
16-Dec-92,3255.2,110976.6,431.52,2732.8,1207706,1456.62,329816,0.6106,1.5745,5,8,6,2.9,2.58,1.74
23-Dec-92,3313.56,151432.4,439.03,2827.4,1553601,1486.06,384666,0.6113,1.5262,5,8,6,2.9,2.58,1.74
30-Dec-92,3321.1,65259.3,438.82,2832.5,,1512.46,,0.6098,1.512,5,8,6,2.9,2.58,1.74
6-Jan-93,3305.16,99106.8,434.52,2826,,1558.22,,0.6024,1.5405,5,8,6,3.26,1.7,2.56
13-Jan-93,3263.56,150621.1,433.03,2745.3,1234525,1532.94,358429,0.603,1.5475,5,8,6,3.26,1.7,2.56
20-Jan-93,3241.95,160820.3,433.37,2748.7,1106064,1578.16,320922,0.6038,1.543,5,8,6,3.26,1.7,2.56
27-Jan-93,3291.39,173341.7,438.11,2832.5,1489135,1603.07,,0.6112,1.5125,5,7,6,3.26,1.7,2.56
3-Feb-93,3373.79,140478.3,447.2,2873.8,1522120,1637.59,480432,0.6068,1.4355,5,7,6,3.25,1.83,2.26
10-Feb-93,3412.42,154728.5,446.23,2816.4,1343218,1625.9,464200,0.607,1.426,5,7,6,3.25,1.83,2.26
17-Feb-93,3312.19,122393.7,433.3,2814,1258617,1616.56,535373,0.6088,1.4464,5,7,6,3.25,1.83,2.26
24-Feb-93,3356.5,162656.4,440.87,2817,1094528,1677.64,701368,0.6097,1.4295,5,7,6,3.25,1.83,2.26
3-Mar-93,3404.04,119484.4,449.26,2918.6,1201795,1652.05,825028,0.6088,1.45,5,7,6,3.09,1.9,2.57
10-Mar-93,3478.34,138585.6,456.33,2956.7,1310911,1667.96,904867,0.6062,1.4343,5,7,6,3.09,1.9,2.57
17-Mar-93,3426.74,103478.8,448.31,2889.9,1192338,1662.63,587965,0.6077,1.452,5,7,6,3.09,1.9,2.57
24-Mar-93,3445.38,143332.1,448.07,2860.6,1318142,1652.05,437795,0.6085,1.476,5,7,6,3.09,1.9,2.57
31-Mar-93,3435.11,128463.9,451.67,2878.7,1434484,1668.3,,0.6103,1.513,5,7,6,3.09,1.9,2.57
7-Apr-93,3397.02,177760.9,442.73,2822.1,1209516,1721.2,1349369,0.6158,1.5135,5,7,6,3.23,1.3,2.25
14-Apr-93,3455.65,115553.1,448.66,2842.1,,1708.61,,0.6144,1.5515,5,7,6,3.23,1.3,2.25
21-Apr-93,3439.44,144450.9,443.63,2869.6,1167699,1770.06,1840851,0.6175,1.5415,5,7,6,3.23,1.3,2.25
28-Apr-93,3413.5,157518.3,438.02,2797.3,1293942,1779.92,,0.6182,1.5735,5,7,6,3.23,1.3,2.25
5-May-93,3449.1,121319.9,444.52,2796.5,,1780.2,1059761,0.6205,1.566,4.75,7,6,3.22,1.29,2.03
12-May-93,3482.31,124017.9,444.8,2860.8,1317679,1828.58,,0.6194,1.532,4.75,7,6,3.22,1.29,2.03
19-May-93,3500.03,121475.8,447.57,2819.7,1295526,1876.61,,0.6192,1.542,4.75,7,6,3.22,1.29,2.03
26-May-93,3540.16,114301.3,453.44,2846.9,1337703,1868.64,1885572,0.6223,1.5485,4.75,7,6,3.22,1.29,2.03
2-Jun-93,3553.45,80405.3,453.85,2863,,1890.31,,0.6248,1.5405,4.75,7,6,3,1.22,2.14
9-Jun-93,3511.93,92838.4,445.78,2866.9,1155773,1864.51,,0.6211,1.5155,4.75,7,6,3,1.22,2.14
16-Jun-93,3511.65,108406.2,447.43,2883,1184919,1811.66,1175589,0.6184,1.5015,4.75,7,6,3,1.22,2.14
23-Jun-93,3466.81,118220.7,443.19,2900.7,1239104,1791.11,867985,0.6134,1.4725,4.75,7,6,3,1.22,2.14
30-Jun-93,3516.08,103514.3,450.53,2900,1015822,1802.78,931009,0.6156,1.4915,4.75,7,6,3,1.22,2.14
7-Jul-93,3475.67,84458.2,442.83,2848.3,1104305,1802.49,579543,0.6167,1.4925,4.75,7,6,2.78,1.37,2.13
14-Jul-93,3542.55,117931.4,450.08,2832.3,1190402,1775.11,500052,0.6158,1.5025,4.75,7,6,2.78,1.37,2.13
21-Jul-93,3555.4,124849.8,447.18,2814.1,1564737,1805.67,438575,0.6186,1.515,4.75,7,6,2.78,1.37,2.13
28-Jul-93,3553.45,122503.8,447.19,2884.2,1344888,1794.21,806462,0.6201,1.495,4.75,7,6,2.78,1.37,2.13
4-Aug-93,3552.05,120695,448.54,2941.3,1469536,1859.08,591844,0.6186,1.4995,4.75,7,6,2.77,1.73,2.23
11-Aug-93,3583.35,107160.9,450.46,3006.1,1410478,1901.1,,0.6214,1.4705,4.75,7,6,2.77,1.73,2.23
18-Aug-93,3604.86,126459,456.04,3073.6,1516723,1951.4,636546,0.6229,1.5165,4.75,7,6,2.77,1.73,2.23
25-Aug-93,3652.09,142436.3,460.13,3079.2,1335519,1976.09,1114200,0.6217,1.4805,4.75,7,6,2.77,1.73,2.23
1-Sep-93,3645.1,105145.8,463.15,3085,,2012.78,1592816,0.6229,1.504,4.75,7,6,2.69,1.79,2.13
8-Sep-93,3588.93,82619.7,456.65,3035.4,1175279,2028.96,1816850,0.624,1.5415,4.75,7,6,2.69,1.79,2.13
15-Sep-93,3633.65,108001,461.6,2989.4,1311895,2001.35,1956090,0.6258,1.545,4.75,7,6,2.69,1.79,2.13
22-Sep-93,3547.02,145980.4,456.2,3007.5,1323021,1969.97,2002320,0.6276,1.5178,4.75,7,6,2.69,1.79,2.13
29-Sep-93,3566.3,105861.6,460.11,3030.1,1182188,1989.28,1565320,0.6301,1.5112,4.75,7,6,2.69,1.79,2.13
6-Oct-93,3598.99,110750.9,460.74,3100.8,1427501,2039.12,2635922,0.6418,1.525,4.75,7,6,2.75,1.36,2.22
13-Oct-93,3603.19,101150.8,461.49,3080.9,1162134,2053.88,2549141,0.6388,1.5223,4.75,7,6,2.75,1.36,2.22
20-Oct-93,3645.1,149902.9,466.07,3156.3,1400481,2095.84,2095260,0.6337,1.4939,4.75,7,6,2.75,1.36,2.22
27-Oct-93,3664.66,130895.3,464.61,3154.3,1290796,2107.41,2397855,0.6343,1.4805,4.75,7,6,2.75,1.36,2.22
3-Nov-93,3661.87,149137.9,463.02,3162.3,1335526,2127.43,2972370,0.6301,1.4825,4.75,7,6,2.68,1.36,2.32
10-Nov-93,3663.55,129385.7,463.72,3098.5,1629094,2081.01,1852410,0.6283,1.4785,4.75,7,6,2.68,1.36,2.32
17-Nov-93,3704.35,149821.3,464.81,3120,1402562,2096.51,,0.6275,1.481,4.75,7,6,2.68,1.36,2.32
24-Nov-93,3687.58,140032.8,462.36,3067.2,,2080.79,1059125,0.6264,1.488,4.75,6.5,6,2.68,1.36,2.32
1-Dec-93,3697.08,85585.4,461.89,3233.2,1759310,2106.01,1266701,0.625,1.4775,4.75,6.5,6,2.75,1.94,2.62
8-Dec-93,3734.53,110055.4,466.29,3277.4,1711402,2159.21,,0.6264,1.497,4.75,6.5,6,2.75,1.94,2.62
15-Dec-93,3716.92,120961.3,461.84,3278.8,1506528,2271.24,2886331,0.6272,1.4785,4.75,6.5,6,2.75,1.94,2.62
22-Dec-93,3762.19,135791.5,467.32,3355.7,1600079,2273.95,2848643,0.6279,1.497,4.75,6.5,6,2.75,1.94,2.62
29-Dec-93,3794.33,73062.6,470.58,3462,,2426.85,3206023,0.624,1.4755,4.75,6.5,6,2.75,1.94,2.62
5-Jan-94,3798.82,129994.5,467.55,3379.2,,2431.99,3243727,0.6245,1.488,4.75,6.5,6,2.52,2.47,2.2
12-Jan-94,3848.63,160560.7,474.17,3372,1662776,2260.31,2872410,0.6229,1.5035,4.75,6.5,6,2.52,2.47,2.2
19-Jan-94,3884.37,127048.5,474.3,3475.1,1752963,2303.3,1674230,0.6223,1.4925,4.75,6.5,6,2.52,2.47,2.2
26-Jan-94,3908,152407.1,473.2,3436.1,1736856,2255.47,1056330,0.6258,1.495,4.75,6.5,6,2.52,2.47,2.2
2-Feb-94,3975.54,130251.4,482,3520.3,1899380,2338.08,1355250,0.6308,1.4965,4.75,6.5,6,2.52,2.38,3.12
9-Feb-94,3931.92,156286,472.77,3429.1,1780725,2341.6,1123170,0.6274,1.4605,4.75,6.25,6,2.52,2.38,3.12
16-Feb-94,3937.27,124485.6,472.79,3417.7,1575089,2341.38,,0.6281,1.4755,4.75,6.25,6,2.52,2.38,3.12
23-Feb-94,3891.68,102165.8,470.69,3341.9,1259515,2423.91,1548310,0.6308,1.4785,4.75,6.25,6,2.52,2.38,3.12
2-Mar-94,3831.74,146120.8,464.81,3248.1,1639986,2284.49,1482330,0.6333,1.497,4.75,6.25,6,2.51,2.3,2.41
9-Mar-94,3853.41,128638.7,467.06,3246.7,1327029,2222.85,958930,0.6302,1.4928,4.75,6.25,6,2.51,2.3,2.41
16-Mar-94,3848.15,104283.8,469.42,3242.9,1367515,2185.81,815700,0.6308,1.4955,4.75,6.25,6,2.51,2.3,2.41
23-Mar-94,3869.46,151283.1,468.54,3155.3,1255990,2111.28,1067310,0.6305,1.4965,4.75,6.25,6,2.51,2.3,2.41
30-Mar-94,3626.75,147576.4,445.55,3092.4,1439127,2128.39,724860,0.6377,1.48,4.75,6.25,6.25,2.51,2.3,2.41
6-Apr-94,3679.73,166960.8,448.05,3131.5,,2115.57,,0.6361,1.469,4.75,6.25,6.25,2.36,2.56,2.8
13-Apr-94,3661.47,123563.2,446.26,3145.8,1273446,2231.66,753470,0.6399,1.4775,4.75,6.25,6.25,2.36,2.56,2.8
20-Apr-94,3598.71,155971.1,441.96,3098.3,1373228,2229.66,776550,0.6419,1.4914,5.25,6.25,6.75,2.36,2.56,2.8
27-Apr-94,3699.54,114658.6,451.87,3150,1393222,2290.71,985860,0.6431,1.506,5.25,6.25,6.75,2.36,2.56,2.8
4-May-94,3697.75,123525.2,451.72,3070.5,,2301.08,,0.6429,1.5015,5.25,6.25,6.75,2.29,2.55,3.09
11-May-94,3629.04,129874.9,441.49,3130.5,1398246,2261.22,607056,0.6443,1.4935,5.25,6.25,6.75,2.29,2.55,3.09
18-May-94,3732.89,128464.8,453.69,3116.5,1483025,2323.16,534471,0.6482,1.5095,5.25,6.25,7.25,2.29,2.55,3.09
25-May-94,3755.3,139521.8,456.34,3020.7,1226722,2302.86,,0.651,1.5085,5.25,6.25,7.25,2.29,2.55,3.09
1-Jun-94,3760.83,90042.4,457.63,2931.9,,2267.88,461547,0.6527,1.517,5.25,6.25,7.25,2.49,2.62,3.49
8-Jun-94,3749.45,114365.3,457.06,3038.2,1208211,2265.65,470970,0.6523,1.5095,5.25,6.25,7.25,2.49,2.62,3.49
15-Jun-94,3790.41,122602.3,460.61,3045.8,1411353,2286.51,985300,0.6524,1.522,5.25,6.25,7.25,2.49,2.62,3.49
22-Jun-94,3724.77,145856.3,453.09,2960.4,1255481,2255.3,835210,0.654,1.5305,5.25,6.25,7.25,2.49,2.62,3.49
29-Jun-94,3667.05,121174.8,447.63,2946.3,1209525,2218.41,497380,0.6564,1.546,5.25,6.25,7.25,2.49,2.62,3.49
6-Jul-94,3674.5,86489.2,446.13,2946.7,1090264,2162.88,409820,0.6579,1.5465,5.25,6.25,7.25,2.77,2.35,3.27
13-Jul-94,3704.28,108338,448.73,3005.3,1432270,2183.93,431835,0.661,1.5665,5.25,6.25,7.25,2.77,2.35,3.27
20-Jul-94,3727.27,117137.9,451.6,3077.2,1495353,2231.37,553370,0.6626,1.5455,5.25,6.25,7.25,2.77,2.35,3.27
27-Jul-94,3720.47,118135.5,452.57,3082.3,1192831,2201.39,442500,0.6623,1.5325,5.25,6.25,7.25,2.77,2.35,3.27
3-Aug-94,3792.66,120033.5,461.45,3160.4,1392601,2267.13,907740,0.6636,1.542,5.25,6.25,7.25,2.9,2.41,3.48
10-Aug-94,3766.76,118688.8,460.3,3167,1261440,2276.5,,0.664,1.537,5.25,6.25,7.25,2.9,2.41,3.48
17-Aug-94,3776.48,133234.4,465.17,3190.3,1354661,2344.4,1592650,0.664,1.5425,5.25,6.25,7.75,2.9,2.41,3.48
24-Aug-94,3846.73,141632.9,469.03,3205.2,1276743,2278.82,1385244,0.6662,1.5535,5.25,6.25,7.75,2.9,2.41,3.48
31-Aug-94,3913.42,157601.1,475.49,3251.3,,2312.7,914709,0.6667,1.5355,5.75,6.25,7.75,2.9,2.41,3.48
7-Sep-94,3886.25,97388.1,470.96,3203.9,1261244,2327.01,1096280,0.6667,1.546,5.75,6.25,7.75,2.96,2.18,3.48
14-Sep-94,3895.33,128005.6,468.8,3079.8,1344789,2298.31,988240,0.6718,1.5655,5.75,6.25,7.75,2.96,2.18,3.48
21-Sep-94,3851.6,183804.3,461.46,3014.8,1184181,2289.69,1315860,0.6777,1.5787,5.75,6.75,7.75,2.96,2.18,3.48
28-Sep-94,3878.18,132184.4,464.84,3038.7,1195532,2330.69,1536486,0.6718,1.5745,5.75,6.75,7.75,2.96,2.18,3.48
5-Oct-94,3787.34,143939.1,453.52,2956.3,1169465,2380.83,1303317,0.6787,1.5865,5.75,6.75,7.75,2.61,2.4,3.46
12-Oct-94,3875.15,128510.8,465.47,3100.5,1301816,2368.31,1184449,0.6744,1.582,5.75,6.75,7.75,2.61,2.4,3.46
19-Oct-94,3936.04,128290.2,470.28,3060.8,1257624,2364.11,1050318,0.6807,1.6225,5.75,6.75,7.75,2.61,2.4,3.46
26-Oct-94,3848.23,185164.1,462.62,2999.9,1127128,2357.29,836047,0.6794,1.6375,5.75,6.75,7.75,2.61,2.4,3.46
2-Nov-94,3837.13,168352.2,466.5,3081.3,1109115,2364.19,,0.681,1.621,5.75,6.75,7.75,2.67,2.61,3.55
9-Nov-94,3831.75,153686.7,465.4,3099.6,1302280,2344.4,655594,0.6814,1.603,5.75,6.75,7.75,2.67,2.61,3.55
16-Nov-94,3845.2,133798.3,465.6,3146.5,1605804,2346.5,735156,0.6788,1.5712,5.75,6.75,8.5,2.67,2.61,3.55
23-Nov-94,3674.63,180798.8,449.93,3027.5,1332142,2217.81,652867,0.6821,1.5705,6.25,6.75,8.5,2.67,2.61,3.55
30-Nov-94,3739.23,87116.6,453.69,3081.4,1177555,2242.09,411304,0.6828,1.5645,6.25,6.75,8.5,2.67,2.61,3.55
7-Dec-94,3735.52,123447.8,451.23,3012.5,1173160,2180.38,375999,0.6817,1.5645,6.25,6.75,8.5,2.67,2.89,2.85
14-Dec-94,3746.29,136048.7,454.97,2980.6,1375620,2114,489689,0.6817,1.5615,6.25,6.75,8.5,2.67,2.89,2.85
21-Dec-94,3801.8,159868.5,459.61,3070.4,1433214,2217.48,494631,0.6826,1.5445,6.25,7.25,8.5,2.67,2.89,2.85
28-Dec-94,3839.49,79932.9,460.86,3095.8,,2234.15,,0.6835,1.5745,6.25,7.25,8.5,2.67,2.89,2.85
4-Jan-95,3857.65,85774.4,460.71,3051.6,,2244.14,,0.6878,1.5608,6.25,7.25,8.5,2.8,3.33,2.64
11-Jan-95,3862.03,133221.3,461.66,3049.4,1230521,2145.69,334744,0.689,1.5605,6.25,7.25,8.5,2.8,3.33,2.64
18-Jan-95,3928.98,133441.3,469.72,3054.9,1547694,2103.56,496513,0.688,1.5705,6.25,7.25,8.5,2.8,3.33,2.64
25-Jan-95,3871.45,146650.9,467.44,2982.2,1668438,1962.68,737991,0.6881,1.592,6.25,7.25,8.5,2.8,3.33,2.64
1-Feb-95,3847.56,188669.8,470.4,3017.3,1654735,2083.36,,0.688,1.5823,6.25,7.25,9,2.86,3.38,2.34
8-Feb-95,3935.37,150188.3,481.19,3072.5,1509945,2091.62,1088840,0.6873,1.5532,6.25,7.75,9,2.86,3.38,2.34
15-Feb-95,3986.17,143059.5,484.54,3074.9,1568896,2107.69,1396792,0.6873,1.5609,6.25,7.75,9,2.86,3.38,2.34
22-Feb-95,3973.05,132630.4,485.07,3019.5,1275457,2053.32,1128345,0.6881,1.5896,6.25,7.75,9,2.86,3.38,2.34
1-Mar-95,3994.8,146779.5,485.65,3041.2,1349163,2128.42,905556,0.6903,1.5855,6.25,7.75,9,2.85,3.51,2.55
8-Mar-95,3979.23,150305.6,483.14,2992.1,1412593,2063.38,,0.7003,1.6085,6.25,7.75,9,2.85,3.51,2.55
15-Mar-95,4038.37,141233.2,491.88,3047,1523459,2076.52,563171,0.71,1.5979,6.25,7.75,9,2.85,3.51,2.55
22-Mar-95,4082.99,166517.9,495.67,3139.7,1709250,2081.03,486146,0.707,1.588,6.25,7.75,9,2.85,3.51,2.55
29-Mar-95,4160.8,142650.2,503.12,3142.3,1637953,2122.41,640331,0.7062,1.6115,6.25,7.75,9,2.85,3.51,2.55
5-Apr-95,4200.57,151050.7,505.57,3190.2,1705796,2101.16,609755,0.7107,1.611,6.25,7.75,9,3.05,3.33,2.33
12-Apr-95,4197.81,127141.5,507.17,3209.8,1352131,2062.5,589947,0.7141,1.5935,6.25,7.75,9,3.05,3.33,2.33
19-Apr-95,4207.48,118202.1,504.92,3170.1,,2035.67,,0.7169,1.6095,6.25,7.75,9,3.05,3.33,2.33
26-Apr-95,4299.83,167385.9,512.66,3226.2,1521473,2063.63,533537,0.7171,1.6168,6.25,7.75,9,3.05,3.33,2.33
3-May-95,4373.15,141777.9,520.48,3262.6,1418268,2066.35,,0.7194,1.6162,6.25,7.75,9,3.19,3.39,2.13
10-May-95,4404.62,167012.3,524.36,3290.1,,2091.9,,0.718,1.583,6.25,7.75,9,3.19,3.39,2.13
17-May-95,4422.6,165323.2,527.07,3297.4,1405360,2160.29,,0.7143,1.57,6.25,7.75,9,3.19,3.39,2.13
24-May-95,4438.16,164995,528.61,3327.3,1324777,2172.69,765170,0.7176,1.5738,6.25,7.75,9,3.19,3.39,2.13
31-May-95,4465.14,105619.8,533.4,3319.4,,2178.36,557952,0.7189,1.588,6.25,7.75,9,3.19,3.39,2.13
7-Jun-95,4462.03,159340.5,533.13,3370.8,1417479,2179.11,594922,0.7188,1.59,6,7.75,9,3.04,3.52,1.83
14-Jun-95,4491.08,127799.3,536.47,3339.8,1236214,2138.23,380672,0.7171,1.6115,6,7.75,9,3.04,3.52,1.83
21-Jun-95,4547.1,155285.3,543.98,3378.3,1451868,2120.54,506117,0.7148,1.6095,6,7.75,9,3.04,3.52,1.83
28-Jun-95,4556.79,142297.3,544.73,3282.7,1613622,2088.51,515544,0.7125,1.576,6,7.75,9,3.04,3.52,1.83
5-Jul-95,4615.23,93566.4,547.26,3394.9,1294489,2128.25,686145,0.7159,1.5964,6,7.75,9,2.76,3.54,1.44
12-Jul-95,4727.29,170789.9,560.89,3450.6,1593908,2176.4,1247706,0.7147,1.5915,6,7.75,8.75,2.76,3.54,1.44
19-Jul-95,4628.87,176577.4,550.98,3405.3,1277738,2145.89,864713,0.7153,1.5995,6,7.75,8.75,2.76,3.54,1.44
26-Jul-95,4707.06,187050.6,561.61,3454.3,1189193,2153.29,1151873,0.7156,1.595,6,7.75,8.75,2.76,3.54,1.44
2-Aug-95,4690.15,158136.1,558.8,3499.9,1437309,2152.98,748437,0.7153,1.601,6,7.75,8.75,2.62,3.59,1.34
9-Aug-95,4671.49,116912.3,559.71,3468.3,1361997,2090.28,,0.7158,1.5993,6,7.75,8.75,2.62,3.59,1.34
16-Aug-95,4639.08,137054,559.97,3465.1,1313148,2053.23,1014543,0.7032,1.5435,6,7.75,8.75,2.62,3.59,1.34
23-Aug-95,4584.85,153152.2,557.14,3515.9,1299389,2106.52,1022674,0.702,1.5428,6,7.75,8.75,2.62,3.59,1.34
30-Aug-95,4604.57,122736.9,560.92,3504,,2127.25,1855908,0.7015,1.546,6,7.75,8.75,2.62,3.59,1.34
6-Sep-95,4683.81,95772.7,570.17,3557.7,1394372,2125.47,,0.7013,1.551,6,7.75,8.75,2.54,3.86,1.34
13-Sep-95,4765.52,154875.3,578.77,3570.8,1470489,2126.4,1035323,0.696,1.5485,6,7.75,8.75,2.54,3.86,1.34
20-Sep-95,4792.69,215421,586.77,3561.5,1661276,2109.7,876870,0.6931,1.5515,6,7.75,8.75,2.54,3.86,1.34
27-Sep-95,4762.35,188052.9,581.04,3485,1438980,2112.5,1348164,0.6997,1.5785,6,7.75,8.75,2.54,3.86,1.34
4-Oct-95,4740.67,160178.6,581.47,3544.1,1478922,2127.72,741435,0.6982,1.5822,6,7.75,8.75,2.81,3.17,1.05
11-Oct-95,4735.25,156390.5,579.46,3474.3,1898910,2128.96,664237,0.702,1.572,6,7.75,8.75,2.81,3.17,1.05
18-Oct-95,4777.52,152561.6,587.44,3593,1587979,2104.89,541755,0.7015,1.5683,6,7.75,8.75,2.81,3.17,1.05
25-Oct-95,4753.68,161137.8,582.47,3537.8,1456864,2104.58,,0.7062,1.58,6,7.75,8.75,2.81,3.17,1.05
1-Nov-95,4766.68,147299.9,584.22,3518.7,1253581,2100.54,382104,0.7065,1.579,6,7.75,8.75,2.61,3.1,0.86
8-Nov-95,4852.67,132455.5,591.71,3537.1,2028699,2101.48,558050,0.7065,1.5794,6,7.75,8.75,2.61,3.1,0.86
15-Nov-95,4922.75,146917.3,593.96,3571.4,1361776,2067.16,782388,0.708,1.5605,6,7.75,8.75,2.61,3.1,0.86
22-Nov-95,5041.61,166487.6,598.4,3632.4,1958957,2107.22,713707,0.7067,1.5625,6,7.75,8.75,2.61,3.1,0.86
29-Nov-95,5105.56,100184.9,607.64,3655.5,1729267,2110.17,688481,0.7078,1.5335,6,7.75,8.75,2.61,3.1,0.86
6-Dec-95,5199.13,144135.8,620.18,3662.8,1857513,2154.43,904259,0.7075,1.5425,6,7.75,8.75,2.54,3.22,0.86
13-Dec-95,5216.47,135699.7,621.69,3662.4,2039778,2172.05,757946,0.706,1.5343,6,7.75,8.75,2.54,3.22,0.86
20-Dec-95,5059.32,214717.2,605.94,3613.7,2210462,2227.17,1280839,0.707,1.5407,6,7.5,8.5,2.54,3.22,0.86
27-Dec-95,5105.92,90672.4,614.53,3676.4,,2271.35,,0.7068,1.5595,6,7.5,8.5,2.54,3.22,0.86
3-Jan-96,5194.07,127693.6,621.32,3715.6,,2306.21,,0.7053,1.552,6,7.5,8.5,2.73,2.88,0.86
10-Jan-96,5032.94,181001.6,598.48,3671.5,1503523,2362.11,1976679,0.7031,1.547,6,7.5,8.5,2.73,2.88,0.86
17-Jan-96,5066.9,175256.6,606.37,3704.2,1737839,2390.06,1433587,0.7064,1.5207,6,7.5,8.5,2.73,2.88,0.86
24-Jan-96,5242.84,221585.3,619.96,3758.2,1707784,2410.25,1280192,0.7037,1.5109,6,7.5,8.5,2.73,2.88,0.86
31-Jan-96,5395.3,188542.1,636.02,3759.3,2080538,2449.15,1178692,0.7041,1.5132,6,7.25,8.5,2.73,2.88,0.86
7-Feb-96,5492.12,177123.6,649.93,3726.1,1826318,2491.93,1142560,0.7075,1.5373,6,7.25,8.25,2.65,2.72,1.62
14-Feb-96,5579.55,212674.9,655.58,3745,1710019,2401.79,673737,0.7074,1.5425,6,7.25,8.25,2.65,2.72,1.62
21-Feb-96,5515.97,150249.9,648.1,3725.6,1756506,2453.88,,0.7148,1.544,6,7.25,8.25,2.65,2.72,1.62
28-Feb-96,5506.21,189262.8,644.75,3738.2,1584419,2438.59,600182,0.7077,1.533,6,7.25,8.25,2.65,2.72,1.62
6-Mar-96,5629.77,176481.5,652,3758.9,1536282,2429.74,531875,0.7085,1.5297,6,7.25,8.25,2.84,2.71,1.43
13-Mar-96,5568.72,199090.8,638.55,3640.3,1770202,2300.73,658253,0.7109,1.524,6,7,8.25,2.84,2.71,1.43
20-Mar-96,5655.42,254227.6,649.98,3685.4,1968968,2383.96,428116,0.7085,1.5393,6,7,8.25,2.84,2.71,1.43
27-Mar-96,5626.88,160084.5,648.91,3672.4,1803568,2399.65,558943,0.709,1.5195,6,7,8.25,2.84,2.71,1.43
3-Apr-96,5689.74,157271.6,655.88,3725.1,1922419,2381.1,402900,0.7118,1.5256,6,7,8.25,2.9,2.42,1.14
10-Apr-96,5485.98,150025.8,633.5,3767.4,,2389.98,,0.7096,1.5146,6,7,8.25,2.9,2.42,1.14
17-Apr-96,5549.93,209809,641.61,3805.6,1684256,2403.85,597231,0.7096,1.51,6,7,8.25,2.9,2.42,1.14
24-Apr-96,5553.9,175700.4,650.17,3817.6,1730732,2381.18,674687,0.7093,1.5153,6,7,8.25,2.9,2.42,1.14
1-May-96,5575.22,163957.1,654.58,3806,1661802,2415.66,,0.711,1.4925,6,7,8.25,2.89,2.21,1.23
8-May-96,5474.06,197585.6,644.77,3707.3,,2371.83,599867,0.7116,1.5243,6,7,8.25,2.89,2.21,1.23
15-May-96,5625.44,177015.3,665.42,3776.2,1709172,2321.5,555917,0.71,1.5137,6,7,8.25,2.89,2.21,1.23
22-May-96,5778,199696.8,678.42,3764.2,1871524,2313.02,481110,0.7096,1.509,6,7,8.25,2.89,2.21,1.23
29-May-96,5673.83,134018,667.93,3775.7,,2334.42,609086,0.7082,1.5307,6,7,8.25,2.89,2.21,1.23
5-Jun-96,5697.48,145799.1,678.44,3753.4,,2326.81,,0.7095,1.5485,6,7,8.25,2.75,2.14,1.13
12-Jun-96,5668.29,162635.2,669.04,3769.2,1508992,2289.24,376715,0.7096,1.5344,6,6.75,8.25,2.75,2.14,1.13
19-Jun-96,5648.35,136945.1,661.96,3753.2,1841379,2291.93,328615,0.7106,1.5443,6,6.75,8.25,2.75,2.14,1.13
26-Jun-96,5682.7,198143.2,664.39,3695.5,1647262,2284.96,319165,0.7086,1.5406,6,6.75,8.25,2.75,2.14,1.13
3-Jul-96,5703.02,154308.4,672.4,3714.1,1549219,2271.56,469753,0.7076,1.563,6,6.75,8.25,2.95,2.21,1.33
10-Jul-96,5603.65,112213.2,656.06,3765.8,1488971,2230.42,362716,0.7074,1.5525,6,6.75,8.25,2.95,2.21,1.33
17-Jul-96,5376.88,237617.3,634.07,3658.2,1479172,2204.03,515505,0.7049,1.5455,6,6.75,8.25,2.95,2.21,1.33
24-Jul-96,5354.69,197717.7,626.65,3668.8,1275677,2137.13,456523,0.7055,1.5523,6,6.75,8.25,2.95,2.21,1.33
31-Jul-96,5528.91,148648.8,639.95,3703.2,1473277,2111.76,420485,0.7072,1.5561,6,6.75,8.25,2.95,2.21,1.33
7-Aug-96,5718.67,152461.3,664.16,3811.1,1688623,2134.51,382678,0.7057,1.5431,6,6.75,8.25,2.88,2.13,1.42
14-Aug-96,5666.88,159748.1,662.05,3830.3,1192160,2097.5,,0.7077,1.5493,6,6.75,8.25,2.88,2.13,1.42
21-Aug-96,5689.82,128356.4,665.07,3872.1,1306820,2155.6,654656,0.7081,1.5508,6,6.75,8.25,2.88,2.13,1.42
28-Aug-96,5712.38,126366.8,664.81,3918.7,,2159.88,388344,0.7112,1.5595,6,6.75,8.25,2.88,2.13,1.42
4-Sep-96,5656.9,106037.9,655.61,3872.7,1356124,2094.48,365033,0.7105,1.5673,6,6.75,8.25,3,2.12,1.52
11-Sep-96,5754.92,137057.9,667.28,3905.6,1361759,2102.96,370402,0.7097,1.5551,6,6.75,8.25,3,2.12,1.52
18-Sep-96,5877.36,170919.7,681.47,3955.7,1451874,2182.31,578736,0.7102,1.5616,6,6.75,8.25,3,2.12,1.52
25-Sep-96,5877.36,189373.3,685.83,3935.7,1565461,2165.19,440451,0.7099,1.5613,6,6.75,8.25,3,2.12,1.52
2-Oct-96,5933.97,163334.4,694.01,4015.1,1580188,2162.89,347435,0.7092,1.5653,6,6.75,8.25,2.99,2.67,1.42
9-Oct-96,5930.62,173160.4,696.74,4009.3,1588198,2135.46,377086,0.7095,1.5655,6,6.75,8.25,2.99,2.67,1.42
16-Oct-96,6020.81,150257.9,704.41,4024.4,1801845,2071.26,336119,0.7075,1.5845,6,6.75,8.25,2.99,2.67,1.42
23-Oct-96,6036.46,183147,707.27,4028.4,1594306,2046.45,641783,0.7062,1.5975,6,6.75,8.25,2.99,2.67,1.42
30-Oct-96,5993.23,153363.4,700.9,3963.9,1560002,2084.02,440961,0.71,1.6327,6,7,8.25,2.99,2.67,1.42
6-Nov-96,6177.71,197949.1,724.59,3935.7,1633511,2080.45,440804,0.7097,1.6415,6,7,8.25,3.26,2.74,1.51
13-Nov-96,6274.24,188694.1,731.13,3926.9,1801477,2146.48,,0.7136,1.6604,6,7,8.25,3.26,2.74,1.51
20-Nov-96,6430.02,196557.9,743.95,3962.8,1923005,2194.28,755907,0.7133,1.6812,6,7,8.25,3.26,2.74,1.51
27-Nov-96,6499.34,183162.6,755,4049.2,1818641,2220.36,823543,0.7136,1.677,6,7,8.25,3.26,2.74,1.51
4-Dec-96,6422.94,126729,745.1,4045.2,1413468,2194.36,610579,0.713,1.6436,6,7,8.25,3.32,2.46,1.99
11-Dec-96,6402.52,202711.4,740.73,3982.5,2047916,2192.45,541184,0.7151,1.6528,6,7,8.25,3.32,2.46,1.99
18-Dec-96,6346.77,209607.1,731.54,4018.2,1724724,2195.78,336105,0.7143,1.6747,6,7,8.25,3.32,2.46,1.99
25-Dec-96,6522.85,154225.1,751.03,4092.5,,2187.14,,0.7156,1.6727,6,7,8.25,3.32,2.46,1.99
1-Jan-97,6448.27,100119.6,740.74,4118.5,,2216.79,,0.7145,1.7125,6,7,8.25,3.04,2.8,1.98
8-Jan-97,6549.48,237089.6,748.41,4087.5,,2243.26,,0.7116,1.688,6,7,8.25,3.04,2.8,1.98
15-Jan-97,6726.88,209291.7,767.2,4158.9,2282255,2221.15,862152,0.7117,1.6845,6,7,8.25,3.04,2.8,1.98
22-Jan-97,6850.03,226503.1,786.23,4219.1,2269487,2240.01,1622917,0.71,1.6353,6,7,8.25,3.04,2.8,1.98
29-Jan-97,6740.74,250680.1,772.5,4207.5,1935176,2220.12,1346078,0.7107,1.62,6,7,8.25,3.04,2.8,1.98
5-Feb-97,6746.9,200916.3,778.28,4281.5,1810246,2195.78,1060204,0.7075,1.6403,6,7,8.25,3.03,2.72,1.59
12-Feb-97,6961.63,211850.6,802.77,4304.3,2193054,2224.64,,0.7051,1.6305,6,7,8.25,3.03,2.72,1.59
19-Feb-97,7020.13,156760,812.49,4357.4,2057185,2246.99,2356639,0.7005,1.6153,6,7,8.25,3.03,2.72,1.59
26-Feb-97,6983.18,198944.6,805.68,4329.3,2078022,2216.07,2431562,0.7006,1.634,6,7,8.25,3.03,2.72,1.59
5-Mar-97,6945.85,231441.4,801.99,4360.1,1869229,2192.53,1740316,0.7005,1.6143,6,7,8.25,2.76,2.57,1.6
12-Mar-97,7039.37,190063.6,804.26,4422.5,2093801,2177.39,1109860,0.6976,1.5985,6,7,8.25,2.76,2.57,1.6
19-Mar-97,6877.68,227809.4,785.77,4332.2,2110165,2120.56,931191,0.6943,1.598,6,7,8.25,2.76,2.57,1.6
26-Mar-97,6880.7,265866.2,790.5,4301.5,2262737,2111.6,750530,0.6898,1.6291,6,7,8.5,2.76,2.57,1.6
2-Apr-97,6517.01,213873,750.11,4236.6,,2089.81,,0.6942,1.644,6,7,8.5,2.5,2.42,1.88
9-Apr-97,6563.84,227356.6,760.6,4292.3,1735229,2103.2,680374,0.6934,1.62,6,7,8.5,2.5,2.42,1.88
16-Apr-97,6679.87,255700.1,763.53,4294.6,1640282,2040.19,699128,0.6942,1.6248,6,7,8.5,2.5,2.42,1.88
23-Apr-97,6812.72,256436.5,773.64,4387.7,1531636,2034.8,,0.6925,1.623,6,7,8.5,2.5,2.42,1.88
30-Apr-97,7008.99,257364.4,801.34,4436,1815830,2004.26,498803,0.6909,1.6245,6,7,8.5,2.5,2.42,1.88
7-May-97,7085.65,260652.1,815.62,4537.5,,2068.13,,0.6917,1.6135,6,7.25,8.5,2.23,2.62,1.59
14-May-97,7286.16,257549.4,836.04,4686.9,2374766,2098.26,688547,0.698,1.647,6,7.25,8.5,2.23,2.62,1.59
21-May-97,7290.69,258607.6,839.35,4642,2081735,2053.99,,0.6988,1.645,6,7.25,8.5,2.23,2.62,1.59
28-May-97,7357.23,180029.4,847.21,4677.5,,2064.36,652078,0.6994,1.6407,6,7.25,8.5,2.23,2.62,1.59
4-Jun-97,7269.66,221122.8,840.11,4557.1,1793738,2047.89,532802,0.6989,1.6332,6,7.25,8.5,2.3,2.94,1.68
11-Jun-97,7575.83,241106.9,869.57,4724.8,1720441,1993.49,458585,0.7047,1.638,6,7.5,8.5,2.3,2.94,1.68
18-Jun-97,7718.71,277024,889.06,4657,1799658,1985.14,472376,0.7015,1.6383,6,7.5,8.5,2.3,2.94,1.68
25-Jun-97,7689.98,300650.6,888.99,4640,2184141,2023.86,575820,0.7006,1.6633,6,7.5,8.5,2.3,2.94,1.68
2-Jul-97,7795.38,241415.2,904.03,4751.4,1620898,1968.91,436072,0.6993,1.6755,6,7.5,8.5,2.23,3.35,2.06
9-Jul-97,7842.43,208284.4,907.54,4762.4,2089760,1982.97,729138,0.6949,1.6885,6,7.5,8.5,2.23,3.35,2.06
16-Jul-97,8038.88,288862.4,936.59,4964.2,2139957,1917.89,606326,0.6906,1.6787,6,7.75,8.5,2.23,3.35,2.06
23-Jul-97,8088.36,349271.9,936.56,4874.5,2482056,1974.69,790469,0.6811,1.6795,6,7.75,8.5,2.23,3.35,2.06
30-Jul-97,8254.89,265837.3,952.29,4927.3,1703952,1966.41,1002162,0.6828,1.629,6,7.75,8.5,2.23,3.35,2.06
6-Aug-97,8259.31,238686.9,960.32,5026.2,1865925,1958.62,652913,0.6796,1.6022,6,7.75,8.5,2.23,3.53,2.33
13-Aug-97,7928.32,311358.6,922.02,5003.6,2153911,1875.38,675693,0.6642,1.5835,6,8,8.5,2.23,3.53,2.33
20-Aug-97,8021.23,294172,939.35,4958.4,1604724,1943.92,808827,0.6642,1.5935,6,8,8.5,2.23,3.53,2.33
27-Aug-97,7787.33,235525.4,913.7,4906.9,,1915.96,640640,0.6631,1.6135,6,8,8.5,2.23,3.53,2.33
3-Sep-97,7894.64,201019,927.86,4976.9,1678965,1820.18,1329786,0.6595,1.5855,6,8,8.5,2.15,3.58,2.43
10-Sep-97,7719.28,252311.9,919.03,4905.2,1353070,1944.63,1761125,0.6637,1.5866,6,8,8.5,2.15,3.58,2.43
17-Sep-97,7886.44,324456.4,943,5013.1,1508575,1910.24,700406,0.659,1.6015,6,8,8.5,2.15,3.58,2.43
24-Sep-97,7906.71,322410.8,944.48,5077.2,1785861,1900.51,896063,0.6616,1.6138,6,8,8.5,2.15,3.58,2.43
1-Oct-97,8015.5,258314.8,955.41,5317.1,2322030,1941.74,709699,0.6519,1.6154,6,8,8.5,2.08,3.71,2.52
8-Oct-97,8095.06,285736.5,973.84,5262.1,1802505,1882.03,764499,0.6421,1.622,6,8,8.5,2.08,3.71,2.52
15-Oct-97,8057.98,222467.5,965.72,5263.7,1743132,1855.03,665060,0.646,1.6233,6,8,8.5,2.08,3.71,2.52
22-Oct-97,8034.65,368754.9,968.49,5148.8,1577651,1731.68,795255,0.6294,1.6318,6,8,8.5,2.08,3.71,2.52
29-Oct-97,7506.67,526225.9,919.16,4871.8,2080760,1541.39,1142100,0.6337,1.672,6,8,8.5,2.08,3.71,2.52
5-Nov-97,7692.57,327807.4,942.76,4908.3,1618972,1700.02,,0.6355,1.6815,6,8,8.5,1.83,3.7,2.33
12-Nov-97,7401.32,283961.9,905.96,4720.4,1753256,1685.79,516164,0.6335,1.7045,6,8.25,8.5,1.83,3.7,2.33
19-Nov-97,7724.74,302411.6,944.59,4830.1,1723221,1680.97,724425,0.6242,1.691,6,8.25,8.5,1.83,3.7,2.33
26-Nov-97,7794.78,281556.2,951.64,4891.2,1712428,1653.55,1101207,0.627,1.6736,6,8.25,8.5,1.83,3.7,2.33
3-Dec-97,8032.01,197124.8,976.77,4970.7,1539287,1696.29,760126,0.6187,1.684,6.5,8.25,8.5,1.7,3.63,2.04
10-Dec-97,7978.79,285417.6,969.79,5130.7,2076554,1703.52,1022770,0.6179,1.6504,6.5,8.25,8.5,1.7,3.63,2.04
17-Dec-97,7957.41,287515.3,965.54,5190.8,1917372,1569.51,824329,0.5945,1.6512,6.5,8.25,8.5,1.7,3.63,2.04
24-Dec-97,7660.13,277206.9,932.7,5013.9,1523467,1572.96,610332,0.5997,1.669,6.5,8.25,8.5,1.7,3.63,2.04
31-Dec-97,7908.25,128875.3,970.43,5135.5,,1529.84,,0.5944,1.6508,6.5,8.25,8.5,1.7,3.63,2.04
7-Jan-98,7902.27,108027.2,964,5224.1,,1368.06,,0.578,1.6256,7,8.25,8.5,1.57,3.3,1.2
14-Jan-98,7784.69,251655,957.94,5106.9,2124039,1243.27,1637464,0.5752,1.6295,7,8.25,8.5,1.57,3.3,1.2
21-Jan-98,7794.4,266966.8,970.81,5272.3,2329996,1311.4,2114127,0.5703,1.6312,7.5,8.25,8.5,1.57,3.3,1.2
28-Jan-98,7915.47,330055.2,977.46,5372.6,2078356,1259.92,,0.5812,1.6425,7.5,8.25,8.5,1.57,3.3,1.2
4-Feb-98,8129.71,311322.4,1006.9,5595.8,2222231,1425.23,,0.5997,1.657,7.5,8.25,8.5,1.44,3.42,0.92
11-Feb-98,8314.55,272570.7,1020.01,5607.9,1962180,1621.25,,0.6126,1.6325,7.5,8.25,8.5,1.44,3.42,0.92
18-Feb-98,8451.06,214036.3,1032.08,5723.4,1874985,1538.98,2557088,0.607,1.638,7.5,8.25,8.5,1.44,3.42,0.92
25-Feb-98,8457.78,260440.4,1042.9,5745.1,2022236,1583.22,2307048,0.6122,1.6427,7.5,8.25,8.5,1.44,3.42,0.92
4-Mar-98,8539.24,268707.3,1047.33,5733.1,2276569,1571.49,1801658,0.6103,1.6467,7.5,8.25,8.5,1.37,3.47,1.02
11-Mar-98,8675.75,275300.3,1068.47,5829.8,2104216,1577.84,1520724,0.6107,1.6483,7.5,8.25,8.5,1.37,3.47,1.02
18-Mar-98,8775.4,245421.2,1085.52,5903.6,2129138,1645.3,1105523,0.6227,1.6718,7.5,8.25,8.5,1.37,3.47,1.02
25-Mar-98,8872.8,291552.7,1101.93,5967.8,2292911,1667.22,2140572,0.626,1.6742,7,8.25,8.5,1.37,3.47,1.02
1-Apr-98,8868.32,295541.3,1108.15,6017.6,2218886,1600.12,1067838,0.616,1.6715,7,8.25,8.5,1.44,4.03,0.65
8-Apr-98,8891.48,362971.6,1101.65,6055.2,2438303,1573.09,,0.6268,1.6763,7,8.25,8.5,1.44,4.03,0.65
15-Apr-98,9162.27,248190.9,1119.32,6074.1,,1543.94,,0.6266,1.6855,7,8.25,8.5,1.44,4.03,0.65
22-Apr-98,9176.72,310648.2,1130.54,5931.1,1836987,1475.52,848064,0.6303,1.6717,7,8.25,8.5,1.44,4.03,0.65
29-Apr-98,8951.52,327814.6,1094.63,5833.1,1900615,,727496,0.6293,1.6697,7,8.25,8.5,1.44,4.03,0.65
6-May-98,9054.65,202646.7,1104.92,5992.4,,,,0.6177,1.6585,7,8.25,8.5,1.69,4.21,
13-May-98,9211.84,217022.6,1118.86,5972.9,1723846,,,0.6024,1.632,7,8.25,8.5,1.69,4.21,
20-May-98,9171.48,308997.2,1119.06,5907.4,1932274,,795735,0.6064,1.633,7.5,8.25,8.5,1.69,4.21,
27-May-98,8936.57,203052.1,1092.23,5870.2,,,860466,0.5997,1.6313,7.5,8.25,8.5,1.69,4.21,
3-Jun-98,8803.8,254195.6,1082.73,5898.4,1915571,,680176,0.5963,1.6393,7.5,8.25,8.5,,,
10-Jun-98,8971.7,261027.4,1112.28,5987.4,1840887,,449295,0.5732,1.6295,7.5,8.5,8.5,,,
