"","SecId","BBTicker","CompanyName","SML","Date","Sector","BookYieldFY1","BookYieldFY2","BookYieldFY3","DividendYieldFY1","DividendYieldFY2","DividendYieldFY3","EarningsYieldFY1","EarningsYieldFY2","EarningsYieldFY3","EBITDAYieldFY1","EBITDAYieldFY2","EBITDAYieldFY3","SalesYieldFY1","SalesYieldFY2","SalesYieldFY3","EBIT_EV_NTM","EBITDA_EV_NTM","SALES_EV_NTM","PEGFY1","EarningsYield1Y","FCFYield1Y","SalesYield1Y","EBIT_EV1Y","EBITDA_EV1Y","BookRevFY1_3M","BookRevFY1_6M","DivRevFY1_3M","DivRevFY1_6M","EarningsRevFY1_3M","EarningsRevFY1_6M","EBITDARevFY1_3M","EBITDARevFY1_6M","SalesRevFY1_3M","SalesRevFY1_6M","EarningsFY1Std","EarningsFY2Std","EarningsFY3Std","EBITDAFY1Std","EBITDAFY2Std","EBITDAFY3Std","EarningsFY1UpDnGrade_3M","EarningsFY2UpDnGrade_3M","EarningsFY3UpDnGrade_3M","EarningsFY1UpDnGrade_6M","EarningsFY2UpDnGrade_6M","EarningsFY3UpDnGrade_6M","EBITDAFY1UpDnGrade_3M","EBITDAFY2UpDnGrade_3M","EBITDAFY3UpDnGrade_3M","EBITDAFY1UpDnGrade_6M","EBITDAFY2UpDnGrade_6M","EBITDAFY3UpDnGrade_6M","EarningsFY1Cov","EBITDAMarginNTM","EBITMarginNTM","NetMarginNTM","NetDebtEbitdaNTM","DivRatio","ROIC1Y","CROIC1Y","DebtCapLQ","DebtTALQ","DebtEbitdaLQ","OpCFOverFCF1Y","OpCFOverEarnings1Y","OpCFOverCDiv1Y","NetCashDebt1Y","SharesChg3M","SharesChg6M","SharesChg12M","EPS_LTGMean","EPSMeanLTMSlope6M","EPSPastSlope6M","EPSPastSlope12M","EPSPastSlope36M","EPSPastSlope60M","EPSPastTStat36M","EPSPastTStat60M","SalesPSPastSlope6M","SalesPSPastSlope12M","SalesPSPastSlope36M","SalesPSPastSlope60M","SalesPSPastTStat36M","SalesPSPastTStat60M","NetMarginPastSlope12M","NetMarginPastSlope36M","PriceSlope20D","PriceSlope50D","PriceSlope100D","PriceSlope200D","PriceTStat20D","PriceTStat50D","PriceTStat100D","PriceTStat200D","MoneyFlow14D","MoneyFlow50D","PriceRet10D","PriceRet20D","PriceRet50D","PriceRet100D","PriceMA20","PriceMA50","PriceMA100","PriceMA200","Price52WHigh","Price52WLow"
"1",12,"ADM  ","Archer-Daniels-Midland Company                     ","L",2009-07-01,"Consumer Staples          ",1.3131495588596,1.35946215334756,1.16615254073559,-0.300473380063317,-0.292780013797068,-0.496828364499723,1.72399398075527,0.424637882989823,-0.058442672481932,0.777913469362625,-0.02354669210194,-0.209594399820395,1.72866988458531,1.71604943492882,1.71668682138106,0.495656549415345,0.132970745586084,1.61476771467646,0.960345883020293,1.3819586533266,3,1.74213510736366,1.66485030045024,1.25685147913356,-0.267385763624711,0.388927285859723,NA,NA,-1.42619583263306,-0.442469332948743,-0.973218468057491,0.0528602918718447,-1.46159319630863,-0.775274227855356,0.70898653152345,1.06261406006119,-0.300248991651944,1.75394860033275,1.83739922859819,NA,0,0,0,0,0,0,0,0,0,0,0,0,-0.0626595546306533,-1.22495578814093,-1.06083064665475,-0.955530856508269,-0.0967976044097497,NA,-0.195783931788389,0.786105638900457,-0.437101751809412,-0.444399981074848,-0.140857882373074,-0.22583858232533,1.72861792962208,NA,0.949210987306907,0.00727970484374435,0.113388889916498,-0.142923022856327,-0.331589044854522,-0.481855790814989,-0.21473248993032,0.673002997168118,1.38417103134226,1.63740365729839,0.164904037232779,0.988060122908322,-1.77909283016532,1.64853016869456,1.55741615668673,1.60507784567183,-0.252211156873202,-0.678504927754725,0.251868401535781,0.0866521375098929,-0.671291393990997,0.673140807710512,-1.00721577902528,1.01716455426671,0.339382667532946,0.264306207451238,-0.0140462205222967,0.278711211877364,-0.836145294186257,0.666570393374672,-0.30240265059107,-1.05639969528689,0.340176079310138,-1.16713673557249,-0.466090703761225,-0.225780884755122,-0.411415996107042,-0.663050155522212,0.447412843532326,1.21102528711466
"2",46,"AVP  ","Avon Products, Inc.                                ","L",2009-07-01,"Consumer Staples          ",-1.05594331139958,-1.12169141237525,-1.01730519120464,0.241882756904947,0.151823824089166,0.386981500842573,-0.445557097779304,-0.277410821897499,-0.110205781418194,-0.756499783163038,-0.626621440714494,-0.540869920529826,-0.490032585602499,-0.47899453460341,-0.487198352057221,-0.508316339820361,-0.800896625977652,-0.408231022650231,0.351310432165127,0.449720795073078,-0.479976582750417,-0.470391066999125,0.637885691870964,0.221034282604117,-1.56940006315877,-1.13189801476421,NA,NA,-0.626241801911756,-1.14183351964363,-0.452230804706667,-1.69557739220108,1.49347835179157,-0.709698652603772,0.181040904840562,0.0990150878874321,0.296962749701237,-0.0763194651063114,-0.0654487349523603,NA,0,0,0,-3,0,0,0,0,0,-3,0,0,0.156648886576633,-0.345328133943147,-0.256340680126632,-0.265913747575944,-0.41890747601538,NA,1.38669677809459,0.543452758838897,1.28041332806933,0.934437383209066,0.102048851225141,1.09144813761641,-0.0938433969670317,NA,-0.523524898688742,-1.74134163233569,0.173676884453966,-0.0606964595728756,0.895204975247655,-1.08615386023158,0.564188717318484,0.902654263180322,0.47134450575131,-0.230106068875327,-0.256834401057608,-0.872944559397533,-0.411493149791908,-0.218087719182032,0.0376233320680802,-0.0350288757982157,0.235090548290229,0.510844966336205,1.18555593874411,0.65528003667762,-0.0545540265877984,1.19969224944379,1.26457756650072,-0.585651487556429,-0.220662802478303,0.567725357306818,0.989605839661562,1.70284082587946,-0.343956009858388,0.0420250683703542,0.238774787653389,-0.26264861854904,1.54316004955048,1.43615195144054,-0.141007796928867,0.072829652518442,0.603176415347704,0.582876148740072,-1.39366995222852,0.790007940521761
"3",60,"BF.B ","Brown-Forman Corporation Class B                   ","L",2009-07-01,"Consumer Staples          ",-0.232553195978449,-0.0963138629897745,-0.417550605090787,0.0940422850005173,0.0724908043931574,0.141496013622512,-0.305308938806417,-0.443420699599879,-0.587700931718363,-0.894201017541312,-0.924980976694472,-0.93536953229009,-0.92825128859141,-0.945330781347663,-0.938969372499911,-0.625769584114888,-1.1266315442487,-0.933000421922755,-0.678955135582412,0.334184543260524,0.222041152305344,-0.991476733395863,-0.603262428642729,-0.90768558250624,1.80337684421536,1.35280083774746,NA,NA,0.00951221699253952,-0.3172990255848,-0.292996415124734,-0.857745875153815,-1.05422324135089,-1.28568691758823,-0.343090997034793,-0.586358159914836,-0.615148029428394,-0.674952170096141,-0.851251486684573,NA,0,0,0,0,0,0,0,0,0,0,0,0,-1.37851020187437,0.565946220539316,0.735370499670362,0.8154763591956,-0.679535172353186,NA,0.571125453259301,0.151921628993315,-0.510892116309335,-0.235737479687624,-0.510659352861525,-0.419263818453129,0.104067354491882,NA,0.227441177375811,-0.283575651951285,-0.737907017990826,1.9928433842035,-0.51006494724524,-0.38930015518568,0.397114956117624,0.324544621716673,0.313799442688269,0.359247297186522,-0.0214520670162218,0.578518195701663,-0.0449117934126723,-0.399958111614119,-0.653852724846619,-0.770562701149485,-0.94645039256963,-1.1688948661932,0.647328153671545,0.291052092346261,-0.849072023334187,-1.18598328214842,-0.411755350190339,-0.54069317169596,0.375652445002627,-0.558308310053856,0.0638258052046476,-0.508432362856001,-0.31224569787599,-0.292314717033461,-0.603498716378976,-1.18635586752804,-1.3180393735338,-0.275403379983216,-0.652851367741729,-0.850675137879772,-0.762871377795455,-0.930892685471067,-0.497519463519831,-0.567031242528622
"4",76,"CAG  ","ConAgra Foods, Inc.                                ","L",2009-07-01,"Consumer Staples          ",0.691732831078419,0.607921295310368,0.626840943162237,0.864302586675555,0.822185549549593,0.918690528345747,0.59509622704058,0.630949705305179,0.487709540082659,0.311497815524469,0.293928035074949,0.267220183730835,0.179359389058928,0.171548667049594,0.145135053978867,0.0463296635294395,-0.0872063146301006,-0.00322783727289474,-0.32982427644418,0.63003097159847,-2.23091662730418,-0.112650814955125,-1.30302955113368,-0.998941407084292,0.317911965373242,0.532538777134127,NA,NA,0.880375040654805,0.666799795863706,0.95297455138851,0.596503523433431,0.289871566614577,0.31797713995068,-0.67613189671228,-0.526030583683615,-0.67531775173705,-0.619507277525303,-0.253608849830422,NA,3,3,0,0,0,0,3,3,3,0,0,0,-0.281967995837939,-0.472707482707328,-0.439427108877732,-0.450826327880302,0.637249279034358,NA,-0.746507653822909,-1.73359887163432,-0.260191156153198,-0.0819538374797764,1.56064200841971,0.490160325146838,-0.974474778276456,NA,-1.23193889847949,0.0408800445677297,0.0596061164260312,-1.98616755154982,-0.740520384888581,-0.339894126655333,-0.159076912848675,-0.0659384032279601,0.585876034721606,0.0232425257570263,-0.0903225126818201,-0.60521850829566,-0.145685534594598,-0.371566056778156,-0.720627622323816,-1.12941207889,-1.20501260603322,-1.49687554454795,-0.57709767164886,-0.0432577421995421,0.0240195587215987,0.443653487623056,0.361355782302783,0.427064825751437,0.390893796252455,-0.668980973891994,-0.451091833553394,-0.206186451782119,-0.465592385832599,0.466414343269733,0.0742989111255108,-0.555233965907822,0.498209657642811,0.556139170245484,-0.755355657895398,-0.234678937718771,-0.150583072779632,0.00912708910354017,0.737013171272323,-0.190698602576909
"5",83,"CCE  ","Coca-Cola Enterprises, Inc.                        ","L",2009-07-01,"Consumer Staples          ",-1.02767108700047,-0.95025871994321,-0.857789384864517,-0.50813814030139,-0.581397746375179,-0.665311548886006,0.217533968593356,0.207249643002386,0.206181307834349,2.00043579986177,1.87364584768635,1.75064080046164,1.37493436860818,1.37617380639665,1.31082284944913,-0.570206492460514,0.616605259105503,0.434331158466,-0.333763045635212,-2.61193617859224,0.99665876886722,1.18647749268532,-0.122778213538648,0.619292184943226,1.65286446658626,-2.13073954782051,NA,NA,1.14767781351545,0.132527030615331,0.463524967254652,0.0113591816573426,0.228138124438831,0.407017457159978,0.130402099685554,0.103045690005867,0.144206939438741,-0.127632300915884,-0.366177527870469,NA,3,3,3,3,0,0,3,3,3,0,0,0,-0.0626595546306533,-0.567647409046927,-0.785304200075937,-0.888871880580819,1.52806306355335,NA,-2.65035351760213,-0.259680413851453,1.88423296830533,1.47861581719049,1.14471167726231,-1.36236853054725,-1.26104116809241,NA,-0.613960434070871,-0.0442408172542826,0.0189161310862203,-0.0548823708193561,-0.518743288143443,0.208726803623257,-2.56415150277278,-2.72606577707177,-2.3056656586609,-2.08982324323911,-1.25227311484566,-1.36136103963125,0.286646585562605,0.0621012615602485,-0.195272062939143,-0.264117685546238,0.481021436529846,0.176574562582185,-3,-3,-0.351037999493873,-0.134043365585675,1.40573733878682,2.02705215745956,-0.910781185909056,-0.215774586364974,1.35248437859144,1.15975610381662,-1.15596791610153,0.0505502180859359,-1.16182298294836,-0.499411612327386,-0.66814707943192,1.50349710882347,-0.748768720581614,-0.469909669630046,-0.0284919019897141,0.76116920105995,0.956362447673481,1.95799922698937
"6",94,"CL   ","Colgate-Palmolive Company                          ","L",2009-07-01,"Consumer Staples          ",-1.09217925931637,-1.17469800099294,-1.17643785451775,-0.0383468849426392,-0.0303518239074749,0.107787215150021,-0.522216101851051,-0.650433902341815,-0.621691694087285,-0.87009136718608,-0.848065072316072,-0.824566976198859,-0.961057874728747,-0.967836347518964,-0.963254090491715,-0.518422109264807,-0.998160359325405,-0.966415945703441,-0.369710840569449,0.0534767027518288,-0.107797349900955,-0.966900774463064,-0.296079386396246,-0.632847322113066,-1.12850600153745,-0.586571545771033,NA,NA,-0.0200806987432803,0.574491579680479,0.199126752212542,0.628942824404068,0.365292292192246,0.221104348451515,-0.622354151310927,-0.654773289901237,-0.52461801451066,1.51481245706683,0.250780664051101,NA,0,0,0,0,0,0,0,0,3,0,0,0,0.81457421019849,0.810530338515552,0.93892502040148,1.01409996105834,-0.659272830495551,NA,1.84792773839481,1.90608228839673,0.660785532551364,0.23507707855939,-0.84998809059278,-0.0663126988646374,0.154979169084867,NA,0.668368996107961,-0.516422146245651,-0.974435960947359,-0.469750077342814,0.0773422951795373,0.418179067508591,0.526985104638523,0.50284183971104,0.495341458415832,0.248022145158259,1.1651777002964,0.174719324450147,0.232849861194286,-0.0652706991348088,-0.333608723169165,-0.379034139864142,0.89933030494966,0.466676619876539,0.700268458150244,0.665858856956253,0.406760964106194,1.35784514834769,0.0639723893650458,0.0373274870000977,-1.11045295081568,-0.74185016024126,-0.513653397837993,-0.605008031924822,-0.893765843561696,0.81450215453018,0.0277857097190201,0.294117443635363,1.16719499272791,0.465418001857888,-0.212529360650376,0.392641438221665,0.563886127492205,0.146812572005042,1.13494455628663,-0.404318409322988
"7",96,"CLX  ","The Clorox Company                                 ","L",2009-07-01,"Consumer Staples          ",-1.36713901915257,-1.28475378641139,-1.08720284536184,0.464975577141479,0.473880309083174,0.577620995183593,-0.18229718103204,-0.261408405410851,-0.191427698590951,-0.161547022586946,-0.187845666166774,-0.163691519973854,-0.675411250558609,-0.697102817045857,-0.701148889225717,-0.30399944610106,-0.486052591170609,-0.795985222706141,-0.23705735603693,0.352941476055678,0.00195627821580943,-0.690994180104141,-0.266393275839354,-0.44387799589161,0.815605998130745,-0.905628144118636,NA,NA,0.0846035178040233,0.153786716344454,0.0174750011328615,0.102548662647319,0.00102519708924905,0.00962169647874487,-0.626460712722447,-0.709115383053063,-0.201938191558274,-0.923912790791451,-1.00497925423994,NA,0,0,0,0,0,0,0,0,0,0,0,0,0.595265768991204,0.568056778763419,0.488735274977768,0.302308102572375,0.728774727441778,NA,1.0762978666376,1.08171753143022,2.26854761732961,2.34884277151377,0.563763926761797,0.0484366816994944,0.241221789527812,NA,-0.588215501234997,0.0356661999773693,0.277901594050836,0.148740130893162,-0.104405057931453,0.670402873191315,0.667194346901898,0.563981995853626,0.399493125367502,0.341130199208521,0.262648793152355,0.2601218817047,0.262385178625283,0.266238179695521,0.281406224882341,0.41861177161243,-0.0152555941239726,-0.114526278278191,0.389680496657853,0.122584685236782,1.06035124956518,-0.16277085787088,-0.357063490678155,-0.37723461703574,-0.607892953163984,-0.013591898201212,-0.722747227509606,-0.881497177990569,-0.51956955736667,-1.53291296213075,-0.319065046385707,0.79390640181637,0.615066590907226,-0.225519104770921,-0.461441954929152,0.317566915305749,-0.199682956080624,-0.282094240263648,0.924581042894459,-0.604710097236972
"8",110,"COST ","Costco Wholesale Corporation                       ","L",2009-07-01,"Consumer Staples          ",0.286083047625845,0.228523566190186,0.233297895843828,-0.535283579366534,-0.498748501916248,-0.669845270683255,-0.729126756722069,-0.947823248312197,-0.891816514034955,-0.581987241649732,-0.602933296451069,-0.61369532303556,1.72866988458531,1.71604943492882,1.71668682138106,-0.29908780508243,-0.0343248156367911,1.61476771467646,-0.268297503256837,0.20812789324655,-0.164620788735628,1.74213510736366,-0.000495034159789147,0.124827542585601,0.156562646961189,0.4120513245055,NA,NA,-0.322379939172316,-0.752331842573163,0.0822858868640226,-0.738727359415667,-0.373936037959416,-0.0989288619352465,-0.500601973911871,-0.296410622148598,0.266317582614547,-0.378882122828136,-0.145437540217798,NA,0,0,0,0,0,0,0,0,0,0,0,0,1.25319109261306,-1.3309824810007,-1.19707371640955,-1.0941485942693,-1.59879063781817,NA,-0.142254922393274,-0.0867774624759445,-1.06162390514007,-1.246221142109,-0.933341139298697,-1.03704765053212,0.690310955917048,NA,1.41434977617939,0.588488334910966,0.40510044689442,-0.0632932425378976,0.471128181483201,-1.62559062241577,0.00788981839625986,0.24023381965282,0.50064274155101,0.450244764284205,0.259269024385391,0.929535446712064,1.1850330285706,1.64853016869456,1.55741615668673,1.60507784567183,1.627976967307,1.20669798484145,0.342519308533843,0.30590561691823,-0.308919409192192,-0.762115547771205,-0.335770866796118,-0.818156502679718,-1.10143424091849,-0.559076078535717,-0.355719408994549,-0.463945039684891,-1.11230638670922,-1.94963321220111,-0.752559950488194,-0.367678186684067,-0.661339943196012,-1.0565004804268,-0.970602261154706,-0.897058845295135,-1.03629301704667,-0.918345270817505,-1.20148970158049,-0.694633766546977
"9",112,"CPB  ","Campbell Soup Company                              ","L",2009-07-01,"Consumer Staples          ",-0.917868416127658,-0.980157370202275,-1.08697078244521,0.46368620480665,0.435413565344687,0.378315375176756,0.0422883188972135,-0.104910032107408,-0.222065578905415,-0.273095770432756,-0.333007581867486,-0.407149369676856,-0.640557394223626,-0.652486035082339,-0.664598979310327,-0.307718699028558,-0.457206662950915,-0.689892882075281,-0.620349722610783,0.421769686556466,0.0551778946712687,-0.64252817398142,0.435230508649622,0.172139649539738,-1.73015631667666,-0.292218715934669,NA,NA,0.0539892076813662,0.138973155312174,0.0373672498685933,-0.0320976688885915,-0.247671900479961,-0.0842095591631183,-0.700041189420823,-0.646837544993123,-0.353105837191495,-0.799421742104806,-0.882693517169078,NA,0,0,0,0,0,0,0,0,-3,0,0,-3,1.03388265140578,0.300077352165586,0.239580132026839,0.238131438409036,0.235065815037448,NA,0.798570751447764,0.783159809761214,0.752058089702003,0.66587240360769,-0.44310001781308,-0.0793418073419688,0.306739811106596,NA,-0.0741547640341263,-1.74134163233569,-1.89591957237508,-1.47705338411689,-0.695083478455609,0.479645423530246,0.173443754222967,0.252281376926459,-0.0869061225798641,0.0500655474354251,-0.903841465134258,-0.437720778573827,0.121777195777994,-0.096496661529257,-0.389636255138207,-0.433606326796701,0.481938102395497,0.209942191879068,0.359011137272532,-0.321543213949334,0.626687150132372,0.8840225807267,-0.751556333616692,-1.2129164422093,-0.923009316004503,-1.17714087110852,-0.229209176167366,-0.461422640055337,1.89587735786399,1.49568640701798,0.696311932283814,0.350984080851886,0.790147187026669,-0.170116034738335,0.0826637007383746,0.361111714320735,0.217764007363038,-0.368113547054398,-0.208892627808548,-0.660126653652069
"10",122,"CVS  ","CVS Caremark Corporation                           ","L",2009-07-01,"Consumer Staples          ",1.27776063930315,1.40488813222202,1.31641955348092,-0.807559081185917,-0.873356709738319,-0.877369728785466,0.480078485391437,0.776322260936528,0.870538003850032,0.0949955259969069,0.159623971309513,0.211249232641954,0.837695254658778,0.907367173339263,0.947646181077091,0.662280851725384,0.389956382024294,1.07366382677834,1.68785997372431,0.408634067475151,0.000225436165215008,0.50391641686512,0.381458445063292,0.175731832488246,0.221292663946972,0.847648030715839,NA,NA,0.40209324206867,0.57646094827474,0.104761811827722,0.509187969557985,0.492387458871188,1.60570637794808,1.46721675649675,0.948654086877711,-0.337700077992931,-0.249477766616841,0.618675763606186,NA,0,0,3,0,0,0,0,0,0,0,0,0,1.91111641623492,-0.881172777134311,-0.772780331975502,-0.760054900696238,-0.359197440102542,NA,-0.366472005684722,-0.895209570586005,-0.937756967741071,-0.842849918588449,-0.451658147632185,2.22348067902068,0.20209712185681,NA,-0.157673879786981,-0.385013921135231,1.38276589538534,0.388164680733527,1.16782586860369,0.662392951776366,0.408609973384102,0.38306606394255,0.539464009600812,0.52834052727325,1.70666636150483,1.90086017466493,1.7200165161899,0.464912649366521,0.897861345480108,0.934207091387266,-0.934768793430604,-0.547062154528921,0.466061583351835,0.468568748717455,0.941145434478181,-0.538631165442431,-0.00494423855407086,0.240897526844951,-0.921239432513627,-0.208432606788223,-0.32432055675514,-0.636620056130584,1.26367822145014,-0.0929116376952011,-0.583846774088496,0.688639912900785,-0.814081926414835,-0.116496227273646,-0.16068071191982,-0.00616600375593793,-0.274234692067553,-0.0899350807786195,0.344916823434522,-0.308542060365766
"11",142,"DPS  ","Dr Pepper Snapple Group, Inc.                      ","L",2009-07-01,"Consumer Staples          ",0.388840807265223,0.414230386643155,-0.0267452105257447,-1.31385369486369,-1.33577428508751,-1.32149426080879,0.333941281006599,0.322411428580731,0.170721610664416,0.633484606967993,0.542730586763204,0.585791708755475,-0.358045816828884,-0.37805089385843,-0.396751656851485,0.230791027664848,0.151603570138601,-0.573683855491428,-2.20090633798925,-2.1470594771706,0.906035456194236,-0.377015111626425,0.619514133459105,0.348553988085795,-1.06534759299398,-0.500627489937895,NA,NA,0.492127842852004,-0.166575613897998,0.287646759009226,0.169395611904847,-0.156185120609205,-0.070359954698083,-0.29365088403584,-0.135059460827474,0.127390807047523,-0.0916647509655229,-0.43912132495456,NA,3,3,3,0,0,0,0,3,3,0,0,0,-1.15920176066708,0.367063749712418,0.244796788783699,-0.077682089361218,0.822030480719033,NA,-1.32972724691941,-0.710849806238361,0.218406588567137,0.360130279252221,0.7004501356033,0.295863224906804,-2.74735505390675,NA,-0.512927731024662,-0.00480869423141257,0.100931332201506,-0.0521356038763957,-2.37624574502482,0.0324383443873962,-2.56415150277278,-2.72606577707177,-2.3056656586609,-2.08982324323911,-1.04848728328968,-1.01630089921944,-0.0390387757587444,-0.619587784130923,-1.07161108873371,-1.03955709587756,-1.58076763902732,-1.37967791015134,-3,-3,-0.864489519480282,0.290040258601201,1.45079291695443,0.201690938776792,0.390289722071837,0.509285429824827,1.52838740177881,1.56845331421376,-1.00713749503643,-0.694725998791008,-0.878174934064779,-0.182784624942599,0.0494013354928125,1.77277462657825,-0.0270136382717109,-0.322390064345847,0.125355567662191,0.69982668508216,0.536180619427434,0.824295723447918
"12",155,"EL   ","The Estee Lauder Companies Inc. Class A            ","L",2009-07-01,"Consumer Staples          ",-0.452937259859251,-0.559868952436531,-0.651982071918675,-0.434609388951882,-0.445926413730968,-0.490612041725744,-1.20049642296045,-1.31949263554682,-1.02877404696694,-0.653950460208453,-0.669459733533822,-0.59828949309315,-0.226370674117834,-0.270683522583224,-0.276141469171931,-0.941550890736485,-0.649888846441677,-0.122847985593108,-0.648729217641997,0.0918109134781234,-0.375167353420191,-0.232104808992125,0.251081065523787,0.435106876891099,-0.0277145821747852,-0.249003977462029,NA,NA,0.375946222570069,-1.84539636781976,0.708292849298964,-1.84567574948475,0.224340589649255,-0.280421476115535,-0.196774513735652,-0.127447585309342,0.449173207822485,-0.743659188987549,0.93653908154954,NA,0,0,3,0,0,0,0,0,3,0,0,0,1.03388265140578,-0.563469921208251,-0.617199839145699,-0.695459514600749,-0.460368411687818,NA,0.00861345762364823,-0.279516396430859,-0.0351963217982982,-0.153150569631959,-0.317108342791927,1.59443181596579,0.288793390920566,NA,-0.294649095727043,-0.0482187886392969,0.298546565941012,0.621507568215029,0.622584081891616,-0.836121030429292,-0.139811520781952,0.0529828836113074,0.439924622733231,0.133347006814384,0.0568213143471145,-0.255988160249205,-0.317527086555341,-0.390120815632878,-0.153101088885882,-0.194782106455097,-0.0190065386259982,0.424695865859174,0.112492278915361,0.415862841386227,-0.275101606493923,0.018484986154672,1.20569030719556,-0.615708617998953,1.67514970179613,1.23569552062027,1.34165028169005,1.54055965647675,-0.576357941997113,0.641499373943915,1.18475169248421,-0.52202228149433,-0.293662318906674,1.27399151695252,0.160930610135065,-0.193120398544026,0.27815103233725,0.378415911508976,-1.1978636211935,0.424806348148233
"13",199,"GIS  ","General Mills, Inc.                                ","L",2009-07-01,"Consumer Staples          ",-0.36186862032801,-0.439095048280138,0.351713598531561,0.363302887184521,0.3865572232927,0.499688804109654,0.0685677090639068,-0.00473645665810569,-0.0687004914950886,-0.151963494560006,-0.190715344892645,-0.263207791756455,-0.581564549002255,-0.593703750290817,-0.609718170245464,-0.395781924106947,-0.614979465472468,-0.704831464684595,-0.560321893078375,0.135185926530006,0.21082063061952,-0.642964052345789,-0.411000206404566,-0.574122353553918,-0.58673001550187,0.0907492337678731,NA,NA,0.928487183755887,0.481811647715965,1.09390068752329,0.380286550357249,0.401479766114353,0.465112030012834,-0.630724799486231,-0.766073488878601,-0.775324787359794,-0.292943130160909,-0.414578767227876,NA,3,3,3,0,0,0,0,0,3,0,0,0,1.25319109261306,0.243447513948849,0.230170149053959,0.148050696325081,0.733979491367144,NA,-0.124770049173658,-0.121404021968258,0.328431304521925,0.438058535531056,0.590087438296177,-0.120846768351983,0.655937555300934,NA,-0.457427883805747,-0.0482187886392969,0.371680300591228,-0.515248188378455,-0.649646844643532,0.477698255281443,-0.0295706661779247,0.00966913444041459,0.244593601032669,0.132516166026982,-0.198894560542622,-0.063413256289032,0.792454921624373,0.217707911692762,-0.234377367709833,-0.274967411397137,0.883168349689494,-0.0621441426626213,-0.150783385689893,0.198077179623769,1.11682380711923,0.382529786774147,-0.738005377454357,-1.06591416960379,-0.780647654021071,-0.819863164474188,-0.435142506825753,-0.954135647772835,1.12599071189806,0.203307125809088,1.12351058503498,0.947642840183966,0.571439653143696,0.190670389305745,0.729378926687394,0.778560653780475,0.457462446997937,-0.339505409370246,0.410488597805709,-0.569211528313435
"14",227,"HRL  ","Hormel Foods Corporation                           ","L",2009-07-01,"Consumer Staples          ",0.150270027498606,0.478761084339997,0.351713598531561,-0.171336077381658,-0.0889623136234103,-0.496828364499723,-0.275871256805655,-0.399015787118625,-0.509850895003117,-0.476454470384817,-0.453006010908292,-0.498009603861123,0.123111478852345,0.133047378672486,0.142561304510606,0.0777884320244814,-0.00971899824956108,0.525713882448063,-0.506532506001679,0.186268472168179,0.277866511504154,0.0225556838975412,0.163609893425928,0.0721175638086838,0.288580696879384,0.41202794312278,NA,NA,0.134958119445666,0.239528813997377,-0.466608453176436,-0.277365351584675,-0.27678438824774,-0.061266946053289,-0.369724387746953,-0.528952806047472,0.68570952391525,-0.717827415037994,-0.751774899481503,NA,3,0,0,0,0,-3,-3,-3,0,0,-3,-3,-0.939893319459797,-0.763749089254884,-0.696585926534236,-0.627620662364797,-1.21432170479632,NA,-0.0613987587674494,-0.243247702933992,-1.17367687794668,-1.19076878832161,-1.07487274512223,-1.5363504859529,0.417946330048588,NA,1.4737486030148,-0.094081321718156,-0.16265953884004,-0.329240001287868,-0.331589044854522,0.327322472150495,0.284027104685959,0.0245858592824314,0.0986807438307321,0.0779158436638503,-0.353107415942381,0.394249335467222,0.407460576763007,0.239893132272521,-0.227281352023947,-0.181470736233541,0.619557491967357,1.24866739264371,0.0150072677169921,0.199029012776166,0.0691903103279807,0.693482833755689,-0.305646961620152,0.508728796478822,-0.854837593007468,-0.488073227545832,-1.07377614687654,-0.663910006944497,0.982564230478041,2.05569028529598,0.185122373687336,0.0773677236946041,0.693380646117211,-0.117569852346975,0.0117273700010127,0.0312684894841918,0.0580263261710928,-0.040663288728481,1.41737090295756,-0.172472340130693
"15",231,"HSY  ","The Hershey Company                                ","L",2009-07-01,"Consumer Staples          ",-1.0782033516055,-1.16193340492934,-1.17790603945642,0.431425909645523,0.534674975885026,0.563444562959696,-0.735760644487486,-1.03161541786209,-1.070752038261,-0.654948912520687,-0.716581794690779,-0.726711564158321,-0.737759835480433,-0.748338613735129,-0.760536354169087,-1.03506364020358,-1.04509352067197,-0.78463005490103,-1.5202231009288,-0.244721764596005,-0.399682895773632,-0.753264193866344,-0.736411006478655,-0.706923238664742,-1.08401979306891,-1.13320717799607,NA,NA,0.0679609185426363,0.420955201984952,-0.0427323434122297,0.146758093241229,0.239129629956491,0.655934033200583,-0.446534728046818,-0.509373111509409,-0.0184809164818554,-0.606751033311001,-0.720696844242417,NA,0,0,3,0,0,0,0,0,3,0,0,0,0.595265768991204,0.170397612249616,0.0877484428022955,-0.0420241085252497,0.347047085020697,NA,0.315134962862486,0.577704785548012,1.30000204225149,1.21566024911479,-0.171621702263076,-0.0590198509888819,0.575999308591477,NA,-0.361457020994263,-0.0073190632490359,-0.013192373422958,-0.0573791647946825,-1.28576217160066,0.281126390610811,0.593236647356866,0.852615096833744,-0.960806488422618,-0.780263238204703,-1.37485984142279,-1.3282251036688,0.41536226124658,-0.114883021034825,-0.56493898140182,-0.35673977641452,0.171917176081532,0.0582264465978249,1.18841441723873,-1.30756417263228,0.716429301461754,-0.684882030502419,-0.72010065794234,-0.0767214769379691,-0.230364474847372,-1.03532988664392,-0.838796335076323,-1.27757250211467,0.824929617979868,0.544410869652834,1.02467084748564,0.642307383490036,-0.0294309208492826,-0.732262142958741,0.50946949912018,0.195360645586995,-0.365366785082865,-0.476932749353996,0.60148568354586,-0.654960704210847
"16",254,"K    ","Kellogg Company                                    ","L",2009-07-01,"Consumer Staples          ",-0.949633229770716,-1.02091659491154,-0.981907426336123,0.234189197812478,0.233185695878215,0.382359720433121,-0.255894041955825,-0.35971404016715,-0.364828225474269,-0.506010440495959,-0.528329557576453,-0.533494117744928,-0.674071933155316,-0.677937467206235,-0.687295023575459,-0.654371407901869,-0.857521710907691,-0.732999734157975,-0.433215335556226,0.294811234897839,-0.218106441306714,-0.676079778042666,-0.18090351010145,-0.383083658403767,-0.290016398667358,-1.22342851342605,NA,NA,0.106719203999463,0.180749714835735,0.0887885168760147,-0.0191002423854898,0.121930567414252,-0.0399260358571093,-0.570360007301205,-0.517192543365083,-0.119013595129948,-0.49703219741235,-0.541876323644497,NA,0,0,3,0,0,0,0,0,3,0,0,0,1.47249953382035,0.164235022677351,0.167549940283709,0.125337438175087,0.446752034887763,NA,0.560362866680588,0.0857495586436275,1.03148138764844,0.986445352439179,0.243826917952959,-0.134252958204016,0.0714627433963449,NA,-0.518701859463679,0.314664892042921,0.248069335143204,0.172417028284349,-0.263433821515512,0.203069228848753,0.397307610038291,0.472522215291415,0.414253938751591,0.393963822823142,1.70666636150483,1.90086017466493,0.322948677643439,0.179539817818578,0.060152947580518,0.0255983018512028,0.333314765888309,0.824697732488794,0.367370320540629,0.200946972253403,1.26896779260311,0.5615830503856,0.040116938770466,-0.656331591228697,-0.909820078396252,-0.558791064744404,-0.515715393266074,-0.262918492282069,1.41938981404392,0.496685237613198,0.891620189645382,1.27711648394883,0.771003827187216,0.735686054029594,0.636374343119307,0.611974763755298,0.632795591763658,0.126886253129268,0.449355998050281,-0.388153630719072
"17",258,"KMB  ","Kimberly-Clark Corporation                         ","L",2009-07-01,"Consumer Staples          ",-0.638250854431841,-0.748598672854198,-0.769187984671446,1.05878008856255,1.11590307984329,1.15589071282753,0.254802574581892,0.417971121802024,0.393447295283167,-0.0920298979077005,-0.0631538160743316,-0.0903909785206873,-0.529577205123348,-0.530840802779434,-0.545888060636391,-0.140637141305355,-0.131266772026833,-0.567617046244286,-0.117289382367752,0.520021811407057,0.20850288799668,-0.526836803913463,-0.100378191190658,-0.123799877473332,-0.447374637787671,-0.545675183996911,NA,NA,-0.125644069034992,0.0583873508242554,-0.024312692417442,0.0825795826486867,0.213339092984989,-0.352337401332958,-0.32099633820062,-0.277648451455461,-0.250761245078033,-0.458327796634373,-0.53314589765255,NA,0,0,3,0,0,0,0,0,0,-3,0,0,0.156648886576633,0.211997103626066,0.0882035174239215,0.166753866005865,0.0523268621232975,NA,0.308147313398288,0.557255152026044,0.654586637913135,0.489269171314909,0.0530311568853584,-0.116992332534513,0.58025105913326,NA,-0.0902728502802839,0.115341488370953,0.13883336552306,-0.318582296473453,-0.331589044854522,0.107325579574339,0.155591157574471,0.0450272970288987,0.960295173389404,0.320749550738859,0.280416242859013,-0.341799081487722,-0.354884189257363,0.113381941305526,0.695407049075235,0.488796158354041,0.0618148301635291,0.317490894345945,0.081275250433722,0.378209262318891,0.274471562973651,-0.0623869689643499,-0.266728412153492,-0.687041160211761,-0.374676260070865,-1.02477803103903,-1.05913963933148,-0.740513076539437,0.243948126042755,-0.184183706369419,1.0792347890873,0.283020325934376,0.0248864235241329,0.0583918078974756,0.226296153715251,0.0429367086695377,-0.067204765916577,-0.310754319641927,0.402181947399628,-0.581086635230951
"18",261,"KO   ","The Coca-Cola Company                              ","L",2009-07-01,"Consumer Staples          ",-0.643242017969999,-0.730497283376869,-0.928356125556259,0.463533819877022,0.485224368649181,0.601542116565325,-0.392270188722586,-0.523064216440965,-0.523396594008959,-1.1113731523035,-1.10126988798941,-1.06639112675035,-1.1119534267692,-1.11826856286397,-1.11603741251402,-1.13448392724821,-1.34476250095701,-1.13830132438631,-0.92089309939752,-0.00821742692732218,-0.374977701307334,-1.08312701601191,-0.689216797303884,-0.89803369965009,-0.699099204389376,0.0420279171174839,NA,NA,-0.488787358783599,-0.0769723771700678,-0.387519548593135,0.15070782644868,-0.519540737642455,0.0819471333091659,-0.479111749492188,-0.358038414210611,0.146782174136368,1.75394860033275,1.83739922859819,NA,0,0,0,-3,0,0,0,0,0,3,0,0,-0.0626595546306533,1.48315367810792,1.40646807376482,2.13416133711442,-0.993307660298362,NA,0.754155818003246,0.664794167737867,-0.453808261055329,-0.264487440574023,-0.68578114689793,-0.322442816780824,0.25306782813192,NA,0.543121715643052,-0.000598997248101484,0.0940261493866222,-0.152176451126754,-0.733977483448036,-0.0470348889972467,0.21338733377464,0.141157301566339,0.193678603648819,0.0828611195896929,0.126206954618049,0.544199228486908,0.153648519488303,-0.283249212544681,-0.558315924789343,-0.587065330396783,0.556228165980697,-0.158798719516116,-0.239355140817863,-0.505528477329496,-0.0899378041093959,0.901098007169148,-0.0928528540858184,0.0538324406155916,-1.0213923227453,-0.342930926327924,-0.627418161526598,-0.825630436844571,-0.447578061010988,-0.332046144378397,-0.364348017007069,0.037341176019431,0.83574157954863,-0.148676601188555,-0.285684472525655,-0.04945121798145,-0.000426038311554499,-0.0733381149811682,1.0075556177003,-0.435093660895828
"19",263,"KR   ","The Kroger Co.                                     ","L",2009-07-01,"Consumer Staples          ",0.179302575890157,0.294791966497478,0.387527036645926,-0.435872008114807,-0.376736887673537,-0.221579378185524,0.857060125514269,1.01612619762659,1.07743018523816,1.83183197587938,1.78749050469868,1.77247711794678,1.72866988458531,1.71604943492882,1.71668682138106,0.74379045676846,1.72761129235202,1.61476771467646,0.572482370522788,0.772598871177753,0.124779480829308,1.74213510736366,0.0617663261337489,0.699486375350114,0.463018359619782,1.5502803954539,NA,NA,-0.0216203012395171,0.411634174351492,0.0206271064919007,0.386305016334363,-0.148503550778113,0.467763767967073,-0.580822198749197,-0.519050506504141,-0.159691914689267,-0.225896754276453,-0.401687864895607,NA,3,0,0,-3,0,0,3,3,-3,0,0,0,0.375957327783918,-1.15030281620364,-1.10835451331026,-1.0617703682945,0.234298276401215,NA,-0.20663163108652,0.222842243607245,-0.394072920512463,-0.526669533978684,-0.457837774287374,-0.0420299186036171,0.417946330048588,NA,-0.0411253753658462,-1.74134163233569,-0.686541622488166,-0.235707284202273,-0.127123374837492,0.410974446904489,0.418884849153021,0.340046966126561,0.441279710080083,1.12825291303882,1.45589324605483,0.229380583472117,0.324862157430866,1.64853016869456,1.55741615668673,1.60507784567183,0.901745596156451,0.367542348302745,0.357687191745248,0.342854843658488,0.0340838493795195,-0.403801260265816,-0.605996981887327,-1.02401444546223,0.379832988783929,-0.70198044989803,-1.13554233073056,-0.842928862943395,0.370376113351825,-0.192711092315535,0.39228049031166,0.12718047375807,-0.0522009715612704,-0.507180948170653,-0.240167810888109,-0.424185208915829,-0.524932210420415,-0.86585027215919,-0.332818500461008,-0.815733392634308
"20",278,"LO   ","Lorillard, Inc.                                    ","L",2009-07-01,"Consumer Staples          ",-1.08976355124465,-1.24435735718589,-1.41259388202738,1.58957475969255,1.66871393649266,1.82894957322612,0.306955096593024,0.261959162884977,0.326341695884711,-0.51578021595959,-0.586872516680452,-0.632225572098215,-1.10915934085522,-1.11384565000432,-1.10819641824604,1.15537453935747,0.1112163909815,-1.08972313537076,0.345803761293432,0.562280580484688,-0.168900718957006,-1.0617163154106,3,3,-0.715427065370699,-0.837817122964489,NA,NA,-0.199735040763969,0.430918533716084,-0.0333453077000483,0.480099916075653,0.425434990382541,-0.27834876600655,-0.473587195656959,-0.527156931017811,-0.495756035018117,-0.684041704692567,-0.607098699363464,NA,-3,0,0,3,0,0,0,0,0,3,0,0,-0.501276437045225,2.74069085498167,2.80462572989992,2.63928712455955,-1.84500252396942,NA,1.84792773839481,2.51568579255998,-1.8264336446254,-1.91349507791923,-1.68541189975837,0.135582427161493,0.0383107371988685,NA,-0.0411253753658462,0.131021643453057,0.0900030302016464,-0.885416230400306,0.0773422951795373,0.351468045020366,0.389986761052936,0.306677700183679,0.230487085053713,0.169409904265729,-0.580176060197128,-0.637894035311094,0.195744431167722,-0.388197781424621,-0.785339056331346,-0.740040000935645,-1.17958532139277,-1.08884951872492,0.591866529831879,0.781165356637361,0.447996840526846,0.172533756091292,-0.23326013495046,0.427934448517626,-0.565155434110288,-0.600049480338769,-0.907145784727467,-0.887967330935348,0.765775450472452,0.131893103731225,-0.454732294379953,0.558833560570965,-0.173835282430967,-0.265648705267574,-0.137142900403298,-0.188457702972432,-0.161246886977349,-0.0546019538412946,1.13265564744437,-0.418707561859181
"21",295,"MDLZ ","Mondelez International, Inc. Class A               ","L",2009-07-01,"Consumer Staples          ",-0.0466753001349089,-0.218984881743282,-0.429976698713502,0.215222172094784,0.228882678980447,0.261086924819677,-1.01585813099301,-1.32387670960393,-1.37682241049244,-0.887937513764944,-0.925547920819166,-0.930530998854594,-0.684957678989549,-0.691629210080362,-0.700829988379997,-0.46079849688603,-0.769496201155401,-0.519605558430714,-1.02209709274902,0.524932339296489,0.111084279672589,-0.328010430460158,-0.321881646364406,-0.489667486107216,-0.681661772051724,-0.504604787285307,NA,NA,0.0870790930521938,0.115247789519438,-0.185894967951581,-0.213512237826246,-0.357581148342231,-0.312835854290114,-0.517543976088549,-0.370239712745225,0.308019014988026,1.75394860033275,1.83739922859819,NA,3,3,0,0,0,0,0,0,0,0,0,0,1.25319109261306,-0.183364483357451,-0.105354173263331,-0.254000557960343,1.47239674133416,NA,-0.619742490403177,-0.829118065807261,-0.0699430803055587,-0.0260212241376741,1.14642314195875,-0.586022653025665,0.419784748435486,NA,-0.56535701660863,0.0235391795911896,0.275278338093064,-0.773673680641005,-1.10401481848967,0.0856868769404073,-0.0862965428188317,0.652377402324836,0.0155895092360404,-0.0317840630357797,-0.729289621945326,-0.600835457203656,0.26213752630698,0.539094493110355,0.174500179909704,-0.085012518914766,-0.242004236405916,-0.345637498111785,-0.214239931505073,-0.65958371233985,-0.152959946936395,0.427721366767365,-0.19296322294568,-0.768231961662222,0.176967933619499,0.0551067393665465,-0.24832395105854,-0.457915939491865,-0.147077251562574,1.11541987730774,0.69559161851722,0.270514533913596,0.147915537577223,0.0634260675513924,2.36531415072295,2.40572851987867,2.39173160134336,2.55888403325816,0.0249080930230204,-0.514492657450963
"22",300,"MJN  ","Mead Johnson Nutrition Company                     ","L",2009-07-01,"Consumer Staples          ",-1.60957273807463,-1.59756277158483,-1.51878271599084,-0.264921520461997,0.0102664905729848,0.0715152899074846,-0.383415144450535,-0.525197854102407,-0.508163160500073,2.2744228560332,2.28261473197826,2.2995922658811,-0.171858552292766,-0.146504682211613,-0.120932738157056,3,2.32108787029677,-0.398583589249203,-0.249936008485156,0.334936871239598,0.535513650634893,-0.894961855896666,-0.0995696370291203,-0.532390785758634,0.03470092741109,0.41202794312278,NA,NA,-0.24429462555657,-0.577479756470877,-0.2180680774236,-0.640860249184845,-0.258893861922934,-0.496776511683147,-0.483236126586411,-0.420350559817478,0.0278969172054369,-0.995321121425584,-1.04512258943417,NA,3,0,0,0,0,0,3,0,0,3,0,0,-0.939893319459797,0.976657418832409,1.11056139372049,0.864459354956086,0.112183509759208,NA,1.84792773839481,2.51568579255998,2.54565395210047,2.81404651843979,0.267156001708498,-3,0.0808295201346687,NA,-0.487952021709647,-0.0482187886392969,-1.89591957237508,-1.98616755154982,0.0773422951795373,-0.501048589132821,-0.171920507559823,-0.483356245152757,-1.56316095752771,-2.08982324323911,-0.879303228488317,-0.879596066100315,-1.06627765253922,-1.79595867382559,-2.13758941832266,-2.00765925896021,-1.37429603570789,-1.23000081415499,-0.486563862515367,-1.49678304820301,0.319714345224406,0.783362065637603,-0.0482642985118139,-0.006442778732484,-0.526011372167336,-0.176258989408358,-0.62162705479166,0.738804097302635,1.90182803352622,1.3503426035124,-0.666342865512877,0.382932651166364,0.511176739252231,0.221430165514845,-0.387503770027069,0.100603564162823,0.255781243163378,9.397565652389e-05,1.60200653034426,-0.577239134795054
"23",301,"MKC  ","McCormick & Company, Incorporated                  ","L",2009-07-01,"Consumer Staples          ",-0.484959496472674,-0.786622261959028,0.351713598531561,0.23645234795483,0.259555067222957,-0.496828364499723,-0.0758583903951649,-0.200848457691125,-0.255696202111076,-0.511587235037524,-0.558568725870897,-0.555030574119134,-0.616489891264465,-0.614989622673049,-0.601097941040248,-0.645952861077245,-0.844762423735635,-0.656299270408675,0.043786119836079,0.217828789089942,-0.192143378250261,-0.652986390987952,-0.695052325548485,-0.815896039866075,0.12513085195901,-0.423588360440862,NA,NA,-0.0637962621207979,0.500838161900996,0.113875408329507,0.756708650306889,0.0951496031019087,0.428577030966072,-0.736590141233793,-0.73505326602938,-1.02005970692572,-1.05232813829181,-1.08296364433615,NA,3,0,3,0,0,0,3,0,0,0,0,0,-0.720584878252511,0.00917467850126432,0.027562142676149,0.139230658068413,0.370218327630388,NA,0.108524337134792,-0.466379125146309,0.172069484423334,0.450093388264436,0.358780137849879,0.745445301597441,0.0367281511776585,NA,-0.56295557957124,0.529513972032444,0.411993860207127,0.479263825028541,0.454035124090671,0.398601501514639,0.354987965465056,0.330625489053505,0.532323436359696,0.161090736435391,0.995481842960605,-0.169130376212367,0.331323298327556,-0.0979437675029871,-0.234106485763344,-0.285541063738509,1.37492234677302,0.706505067798058,0.409192464261194,0.678055240554679,1.23125619391615,0.369316056711295,-0.766848482095165,-0.31968755194913,-1.20258081247771,-0.982195996165628,-0.618464249655994,-0.88441123884427,0.389698039664586,1.38833584081003,0.304799690735564,0.988274887722069,0.246542373771836,-0.869339919231254,0.159807957817635,0.401390772555854,0.211512342774855,-0.274285900452908,0.267708825662403,-0.729971446695916
"24",304,"MNST ","Monster Beverage Corporation                       ","L",2009-07-01,"Consumer Staples          ",-0.675703852637739,-0.587297977801309,-0.648509412351965,-1.31385369486369,-1.33577428508751,-1.32149426080879,0.033192891288228,0.128963319187112,0.0279818819962838,-0.689907403436751,-0.615730873182992,-0.676368431367823,-0.982096039636145,-0.97164387937617,-0.975784315114747,1.17676273474755,0.119046453744684,-0.858542028235762,0.430825128648792,-0.221563583134113,0.450677513043379,-1.00537075800818,-0.227143379862894,-0.752068440716642,1.21958703568927,0.679386109545514,NA,NA,0.466388353096826,1.46376334597793,1.09959722254964,2.00517795271982,-0.341115330811863,1.5865161103164,-0.0992218224354549,0.0142958333942249,-0.0768484745332868,-0.659599276171604,-0.683097043447542,NA,0,0,0,0,0,0,0,0,0,0,0,0,-1.37851020187437,1.2152131294488,1.50667959141427,1.55988540087747,-2.26211225528174,NA,1.08047692192561,1.33728209635052,-1.81767860274223,-1.90434302970172,-1.68237492081964,-0.174476602008093,0.381211088758663,NA,3,0.568173674342469,-1.89591957237508,-0.90779470917225,0.414710650707636,0.632713366026526,-0.2018460832368,-0.0781443356048597,0.29479306693881,0.331591540968409,-0.135382742532543,0.711523033947489,0.371624701981709,-0.155958727279963,-0.41368566847804,-0.401268866165975,1.81594441097669,1.07031267668463,-1.81491461514025,-0.392630603306782,-1.14350339289778,-3,-1.04435271202626,1.52281475826124,2.23722779897042,1.60906400353213,1.94404603369809,0.244981369854766,-0.967737445409262,-1.41445264290309,-0.202080845142643,-0.848396153788893,-3,-1.71547646545379,-0.53822802207499,-2.35531284205314,-2.36988494311168,-1.55976393026156,-0.404894079800779,0.0350926297178663
"25",305,"MO   ","Altria Group, Inc.                                 ","L",2009-07-01,"Consumer Staples          ",-0.958650432651379,-1.15249161330181,-1.17991669929684,2.83165208341096,2.81722415964739,2.94989439490083,1.30714092493075,1.42734727650989,1.42915319568667,0.366584218074585,0.2906987348251,0.222125302859245,-0.877276993813007,-0.879372699050894,-0.928146290053282,1.3820900872531,0.373290268435525,-0.9635306862363,0.65458876218102,0.843165812382956,-0.713864042872651,-0.898705141709417,0.456486587028888,-0.174352813923199,-1.61779260099926,-0.331750222331501,NA,NA,-0.216345661714108,0.205029338899797,0.116955519324603,1.81115513184014,0.726059540714283,1.6877594403797,-0.105151639997011,-0.604114303572724,0.218897774780178,1.75394860033275,1.35981241662912,NA,0,0,0,-3,0,0,0,0,0,0,0,0,0.375957327783918,1.97315066373652,2.19890846107593,1.81548614490517,0.0499662701130314,NA,1.39065337708019,0.995012980060709,1.25443293013314,0.150316939504743,0.347441052257977,0.714164491354369,0.0640191011286467,NA,-0.486269291358965,0.179452482375731,0.379597158314791,-0.383604817492491,-0.331589044854522,0.196840644457302,-1.81804122970539,-2.46871707449613,-2.21962423448728,-0.880486377932988,-1.73213002634049,-1.05152093488478,-1.37050880015851,-2.10057696883509,-2.13758941832266,-2.00765925896021,-1.94233042715339,-1.4007731862424,-1.23393075908392,2.63307881758496,-0.36572042116092,-0.722942745719496,-0.616787968107672,-0.229814142989618,-0.571817521079519,-0.989567452667638,-1.00797017309634,-0.55248072609658,-1.14559931935212,-1.70574575725034,-0.127122361657206,-0.362601312814954,-0.854289765619488,-0.986278720911879,-0.408378602566355,-0.584357275486304,-0.797304623052575,-0.64073715536164,0.0421306096802081,-0.777663604739542
"26",357,"PEP  ","PepsiCo, Inc.                                      ","L",2009-07-01,"Consumer Staples          ",-0.741426982622614,-0.889552658377296,-1.07148768103978,0.33596715088563,0.378138213532545,0.494839759443061,-0.260195368524069,-0.351273498795941,-0.37666545971056,-0.808531111565828,-0.861504266619988,-0.849479121261438,-0.877424788859037,-0.842038803474803,-0.87912691314059,-0.727245220407465,-0.970145822514239,-0.838830281654785,-0.267426008030236,0.155496440315065,-0.265602909703009,-0.881532706549235,-0.361309024450127,-0.522303644588083,0.0217608512734235,-0.503868428785532,NA,NA,-0.137501947850198,0.054690072821876,-0.14311772557534,0.199012254290648,0.257865476597675,0.388309975455855,-0.549966348352354,-0.467539711863934,-0.33167179295946,1.75394860033275,1.83739922859819,NA,0,0,0,-3,0,0,0,0,0,0,0,0,-0.281967995837939,0.368494865057449,0.378553690371071,0.663726509709541,-0.624875934178357,NA,0.946582047657117,0.753119376790595,-0.181581148977393,-0.347328925160884,-0.873112462470743,-0.631564946485187,0.190439374561884,NA,0.714751374186165,-0.0357055583826608,0.265644013272606,-0.524947152449603,-0.0667378469591293,0.09380797370125,-0.186904701389497,-0.146864397852353,0.544073574508726,0.720758674198092,-0.304125112123742,0.216611881601219,0.576663725097421,0.387194352131435,0.10860939634972,0.0208557158791842,0.303739903423501,0.526574642921064,-0.410153706410053,-0.204761811982442,0.496634737789892,0.56549646457745,-0.5389064550744,-0.481473485401803,-0.273940034952724,-0.961816840580506,-0.768475567005882,-0.731350107880473,1.36378812655779,0.699717719106847,0.727367422700394,1.01169507632428,1.28521610013621,-0.265735463456565,0.624087362952273,0.562433861827063,0.182877461512947,-0.158680089464984,-0.0558215688588484,-0.486501134841157
"27",361,"PG   ","The Procter & Gamble Company                       ","L",2009-07-01,"Consumer Staples          ",0.0161498604827925,-0.151345224315714,-0.288307197696872,0.414718971246764,0.379832302045315,0.537417200044399,0.232798826873289,-0.316568883399065,-0.238618035044881,-0.499170282579256,-0.60548372519492,-0.616529110238022,-0.849519274756208,-0.874383105574023,-0.880037268889095,-0.647255492088933,-0.846873528110618,-0.92188904442012,0.143398680482627,0.488254574253097,0.12027054362769,-0.860472791181044,-0.300873472230073,-0.493649050194869,-0.299427408557079,0.206017277493752,NA,NA,-0.116211907067354,-0.0923379791028148,0.0560436476291942,-0.274773718041045,-0.118365193774823,0.163884704390568,0.543601817238072,-0.728309423750275,-0.788909961769943,1.75394860033275,1.83739922859819,NA,0,0,0,0,0,0,0,0,0,0,0,0,0.81457421019849,0.747907383636456,0.68153981971996,0.898087416224713,0.338848958619032,NA,0.117715536246118,-0.318658200078932,-0.361896506932239,-0.202376499033408,-0.109717701952132,-0.0234449862005071,0.165155196415236,NA,-0.147062218594356,-1.74134163233569,-1.89591957237508,-1.18665334656523,-0.0589681514984824,0.905375467385091,0.258618193149069,0.4934829760509,0.926061924925683,0.689828275912599,1.70666636150483,0.937434546438345,0.257947699198586,0.111623573002403,0.0291183069711149,-0.22698585784302,0.779313327793053,-0.559983160905004,0.476187247033775,0.726170917135899,-0.185258100884004,-0.258846567532688,-0.453087841700554,-1.15199575016144,-0.318373999414369,-0.596934287840534,-0.852532131855325,-0.670884963749281,-0.567106905402728,-0.259115638537517,0.151007140538068,-0.186210645577856,-0.152753104395459,-0.298677662051104,-0.372965921673166,-0.517201721342999,-0.502523257580259,-0.850529586509107,-0.419099294736305,-0.730917837056362
"28",368,"PM   ","Philip Morris International Inc.                   ","L",2009-07-01,"Consumer Staples          ",-1.08866969571321,-1.3004507767277,-1.42952753082728,1.3270351397412,1.30788075694432,1.44397428379605,-0.0554060257545624,0.0202774005598726,0.0483138864219989,-0.633360222038171,-0.64759941233379,-0.652043412437939,-1.10653766594232,-1.11384284864931,-1.1195344341459,-0.378033840593181,-0.899269391051706,-1.18244494198151,-0.470802413827005,0.469885395336456,0.219210318997013,-1.07852156448067,0.391858254992627,-0.132233287160219,1.49662311037574,-2.13073954782051,NA,NA,0.342843369329357,-0.32999421706002,0.526232216100481,-0.375503187469649,1.61994904049839,0.187608527741237,-0.238395394830795,-0.407760229202461,-0.116235778700831,1.75394860033275,1.83739922859819,NA,0,0,0,0,0,0,0,0,0,-3,0,0,0.595265768991204,2.51601893134713,2.60631240723685,2.44566658047629,0.0827992730295183,NA,1.59038135486716,1.48487727968167,0.783829619032087,0.754904162794207,-0.622756440789417,-0.56633941653739,0.183202703668087,NA,0.388321247062631,-1.74134163233569,-1.89591957237508,-1.79711796497694,-0.467899491532541,-0.485845408455991,0.0798139487786927,0.306869223564367,0.230921908821612,0.169973178197438,-0.650986412691862,-0.695110523190313,0.228170805012561,-0.100258835110205,-0.429105569987309,-0.367324517500541,-1.03533385250627,-0.984277555273188,0.030573778416881,-0.404442853968931,-0.179522651547823,0.764123424157162,0.303245262736514,-0.249106273743509,0.147392897339135,0.430252667297758,-0.55175762189409,-0.307875328005831,-0.860942346359605,-0.528925477829183,0.663525731772709,-0.0974878683414747,0.22247518694392,0.106419049025662,0.129351737807059,-0.0858799085658914,0.236689489583276,-0.0209911052125031,0.211482654528914,-0.292670192369815
"29",386,"RAI  ","Reynolds American Inc.                             ","L",2009-07-01,"Consumer Staples          ",0.534257663934824,0.0454450820811964,-0.181056613578584,3,3,3,1.60920503619812,1.63745650284562,1.43014864732799,0.733103371507823,0.549642114969393,0.416788606043209,-0.664568793108352,-0.7137954552215,-0.737250898040962,2.97829979294916,1.68765801220419,-0.630786382982392,-0.904056503581822,0.511526405864271,-0.187072956805001,-0.616025214996683,3,3,-1.02650977252969,-0.490637644422353,NA,NA,-0.447117045787262,-0.366118074789691,-0.0689096102377461,-0.227686216736404,-0.134159487745579,-0.806612640864636,-0.43389635436359,-0.682476885434194,-0.491536983858231,-0.436498663178802,-0.521782411079417,NA,0,0,0,0,0,0,0,0,0,0,0,0,-0.0626595546306533,1.32370545924276,1.50829048407039,1.15681567499669,-0.941960634055947,NA,-0.405655556988041,-0.725689446118134,-0.206248254367641,-0.426483014351288,-0.974758030180962,0.0525230364944667,0.472936444858625,NA,-0.383171274692024,-0.0515402016246498,-0.00985741733620176,-0.402560145535077,-1.5583830649567,-0.318233500017132,-0.679242498650201,-0.463430447277373,0.421095145415661,2.56345755732353,-0.300846033469509,-0.387332307030401,0.053557722520322,-0.422525686192936,-0.67922073730379,-0.587235968997307,-0.568504564650379,-0.9164300717006,-0.953352116873475,0.815256794313769,0.16942031594877,-1.08350268474593,-0.419984611894388,-0.704578158946069,0.73695913479525,-0.56133309433554,-0.159242248602266,-0.676801425646585,1.42400203676625,0.680771415645031,0.473810881115276,0.714329197669041,-0.878297881001168,-0.60937845131896,0.417531460606948,-0.333184590080486,-0.650144144635134,-0.642459981125185,-0.642768909442291,-0.594877532266133
"30",407,"SJM  ","The J. M. Smucker Company                          ","L",2009-07-01,"Consumer Staples          ",1.50919026469832,0.478761084339997,0.351713598531561,0.198185497065491,0.260206487946645,-0.496828364499723,0.193015109090342,0.176258016340094,-0.200438819408698,-0.135618609461445,-0.156152903590288,-0.382796949375004,-0.580320172087413,-0.586808740865641,-0.572116328204215,-0.39044431321236,-0.00204027724814486,-0.573683855491428,-0.29930692579966,0.332137081327299,-0.647382242030943,-0.724492079966995,-0.324338372217162,-0.44136222619245,2.18534475132407,2.06677348572243,NA,NA,1.83450922264087,0.456198958172111,3,3,2.58913175148643,2.48604587294955,-0.402984586649299,-0.446977245376612,0.68570952391525,-0.890203994884018,-1.09086376134604,NA,-3,0,3,-3,0,3,0,0,3,0,0,3,-0.939893319459797,0.258722277954966,0.155006888566228,0.141095768929702,-0.422821712932617,NA,-0.493179563046811,-0.79839868762563,-0.946878618463412,-0.818741192202766,0.231601879850713,3,0.14679133566623,NA,-0.353017867829356,1.31958534648295,0.447413795613834,1.9928433842035,-0.467899491532541,1.49291566211524,0.187700144352343,0.294744320310066,0.576731746550038,0.489290493787463,0.489480032878624,0.907899516848749,-2.30773682893168,-2.10057696883509,-0.199800688659156,0.204835592271231,-1.16380504750222,-0.850655845358572,0.234258274072334,0.248586225981901,2.3513713616284,1.56115274090434,0.0265046387738317,-0.325782736440904,0.42940890505193,-0.0757529735562522,0.464054704983173,-0.346544754091892,1.64592510426861,1.67505222185572,0.283436246361192,1.93415200809891,1.79920847706569,0.945137517570823,0.58702848553731,1.47162252685369,1.30798847586324,0.484646613369013,0.870292559153748,-0.154418498193263
"31",422,"STZ  ","Constellation Brands, Inc. Class A                 ","L",2009-07-01,"Consumer Staples          ",1.43076444881054,1.45381281019995,1.24417097066919,-1.25432652589772,-1.28100816610237,-1.24405916527973,1.64753928496984,1.9015551613695,1.22638035222684,1.88129672539726,1.80024157424857,1.29301886927973,-0.218049697422812,-0.238279046223135,-0.210262723780859,-0.474657595719686,-0.267883191816464,-0.838605624324442,0.598901850220289,-2.61193617859224,1.55400566797049,-0.26044087052354,-1.30881061961105,-1.15538348800948,-0.00957478570360799,-0.713122374673997,NA,NA,-0.870071086175665,-0.48765042952487,-0.881516072109643,-1.03495852982116,-1.97702481007794,-1.39069174105748,3,2.22324081542546,3,1.39358212841791,0.730806083937231,NA,0,0,0,0,0,0,0,0,0,0,0,0,-0.720584878252511,0.860103588474533,0.516259577322627,0.133337745652684,2.89719611415508,NA,-1.368709923642,-1.04056019395122,0.765086516737656,1.30615070537801,3,0.190003222660921,-2.20217074972677,NA,-0.856207154671548,2.16748590108592,1.07303260273911,0.344754593210466,-0.54028033871857,-0.511039914619176,2.6305777147096,1.00645256922914,-2.3056656586609,-2.08982324323911,-1.44040361672811,-1.27185726808615,-0.793308321016865,-0.721499939090838,-1.25519412770214,-0.591889696987815,-1.583487131781,-1.03901013322549,1.62437984974661,-3,0.366952729272648,0.678950384964355,-1.33575334405851,-1.00074059406187,1.42988677917441,0.208932725556555,0.705687632827776,0.365661387203674,-0.493322401161557,0.965911573626324,0.730634260319727,0.164328094421819,1.00965121798239,-0.60111099714296,0.892117404737723,1.14084971221996,0.641095135931629,-0.610568122882412,-1.4622422157823,-0.518995378659123
"32",425,"SWY  ","Safeway Inc.                                       ","L",2009-07-01,"Consumer Staples          ",1.59474481550238,1.78427699531312,1.98122126090606,-0.425848576011525,-0.385109811512115,-0.321678941056458,1.27368329072076,1.40886450615771,1.53254619600539,1.87345522506515,1.78504213375575,1.74216271467526,1.72866988458531,1.71604943492882,1.71668682138106,0.989547715128562,2.42374645720587,1.61476771467646,0.926857976819197,1.18433571516113,0.585926340712383,1.74213510736366,0.384636886463489,1.20915374290477,0.524567129145966,1.02960746810735,NA,NA,-0.992362946877568,-0.331159732286508,-1.14745396761474,-0.595406316308843,-0.628743586902845,-0.340145663123359,0.328045494499202,0.237295782656021,-0.252479378753823,0.0796520492746228,0.186717328352987,NA,-3,-3,-3,0,0,0,-3,-3,-3,0,0,-3,0.595265768991204,-1.016640152657,-1.04717197260728,-1.00572915474772,0.0714797973704997,NA,-0.374095703230989,-0.164366563942888,-0.129241489665875,0.0487287776607928,-0.0651922687418303,-0.643817003646438,1.18606001305041,NA,-0.110795803663469,-0.922175222981434,-0.61204920948061,-0.750767269081939,-0.377025951287493,-0.359069970534414,0.403900655323348,0.354042905484503,0.517312016863763,1.18756001133041,0.157964157324718,-0.000441501505416174,0.934078914455631,1.10184966945243,0.929528427761283,0.940509987241662,0.916765059861206,2.12421826063086,0.393949460072172,0.384022838187126,0.0107727231792008,-0.0458738561896791,-0.644684114230055,-0.452192519115791,-0.912905154004377,-0.559967989583869,-0.578396580884775,-0.82084302952548,-0.989942145099005,-1.20868908500539,-1.38454235800592,-0.768952853637977,0.256559707348084,-0.919901124762225,1.89676501730854,1.22863466409066,0.447167601053937,-0.223935761889157,-0.685688910582322,-0.73858055206067
"33",428,"SYY  ","Sysco Corporation                                  ","L",2009-07-01,"Consumer Staples          ",-0.441923658605327,-0.463109953159499,-0.561394463690307,0.945722486017437,0.943955209716566,0.842320592351842,0.219315123082911,0.033922672428627,0.019745956671659,0.0392466609008246,-0.0992472328349109,-0.161544777576341,1.52355491399975,1.42533243460519,1.32668100345653,0.845205121338615,0.506733331438461,1.61476771467646,0.821504692270372,0.636906855822885,0.305682200384327,1.36327773818687,0.434403400437946,0.180598897024071,0.198304291384506,0.137260949295659,NA,NA,-0.404496703753578,-0.174844741802006,-0.140234897641487,-0.256097386833061,-0.213452249953091,0.0299941475462335,-0.481046960617266,-0.269011258932917,-0.776827426298412,-0.441715993671863,-0.0742964431491115,NA,0,0,-3,0,0,-3,0,0,-3,0,0,-3,-0.939893319459797,-1.08059289785931,-0.940272737564947,-0.885612257026091,-0.843614063293473,NA,0.559889895469893,0.699464187872447,-0.248185495983872,-0.491612531100753,-0.794516595077934,-1.00565947781342,0.432393650979758,NA,0.662948415949401,0.323470492640228,-1.4900306454057,-0.510454583341145,0.622584081891616,-0.270529103965576,0.249777518789562,0.251283245461722,0.389457541250641,0.144300470191436,1.51485459254884,0.173985243830674,0.609332948788332,0.354816404642737,0.599855172871683,0.635685322627281,1.09873116201302,1.72847493405519,0.360434926047243,0.400336356316949,-0.521022437102537,-0.486378355074202,-0.56580070921743,-0.39496041544955,-0.872172453899086,-0.662069387020154,-0.617463789153962,-0.635301235943779,-0.520528237435045,-0.737164223465636,-1.78638084360905,-1.01001189683676,-0.778714542648804,-1.0107976192447,-1.48486828931369,-1.04343306048026,-1.0512878009531,-0.920182832053284,-0.920259966608141,-0.772266493427927
"34",430,"TAP  ","Molson Coors Brewing Company Class B               ","L",2009-07-01,"Consumer Staples          ",1.54175606452223,1.23007174412779,1.09867389661654,-0.251961210500901,-0.25876567978828,-0.226475667482643,0.140129803217066,0.222279572182517,0.295353012953889,-0.413852311671447,-0.321048126519848,-0.0320903559790722,-0.911610041315024,-0.927225278142759,-0.833182215391713,-0.796947061298912,-0.403025688201381,-0.959648875653571,0.26475178970776,0.0662472124948594,-0.029643930031894,-0.874224999309254,-1.03600629969906,-0.792620969916753,-0.0596020746461874,0.174313067865573,NA,NA,0.0332053501277968,0.382318725532664,0.0867010766377047,-0.64569510938073,2.58913175148643,-3,-0.183595001832013,-0.202857988656859,-0.777584257521273,1.07788201053799,0.935591096106153,NA,0,3,3,-3,0,0,0,0,0,0,0,0,-0.720584878252511,1.28735439264023,0.72503269564513,1.64660774200184,-0.19561973202511,NA,-0.583530062931543,-1.1352176067655,-1.06546874277684,-0.988917852168785,-0.0223543458059824,-0.587024065734054,0.231780849123302,NA,-0.190823411755695,0.243602100931302,0.973795677316033,1.08347907607733,0.14113558422485,0.356061436847968,-0.189045300508022,0.0903299428453934,0.692991437124187,0.0738657961040436,-0.264026205985994,-0.658033187115797,-2.30773682893168,-2.10057696883509,-1.38653699040769,-2.00765925896021,-1.39352108367783,-1.46103192711816,0.882261723138989,1.11927014066937,-0.88484087033828,0.653154480536058,0.465744832904009,-0.186623582705015,-0.518410248408124,0.989187966031135,0.476609476355636,0.0731357374582402,-0.814502911928809,-0.0993794553202365,-0.262563326538605,-0.653279780288686,-0.0446923647467619,0.634811592220181,-0.508959538863088,-0.567368909816575,0.0670562878175862,-0.272157298508067,-0.148823732925472,-0.204442408100616
"35",445,"TSN  ","Tyson Foods, Inc. Class A                          ","L",2009-07-01,"Consumer Staples          ",2.04133991082692,1.94401999078537,1.75825494598469,-0.651140227883983,-0.706674617955714,-0.71542497273529,-2.70523016276354,-0.419927236889803,0.586099697326054,-0.212128189256338,1.07575336962694,1.4498366481255,1.72866988458531,1.71604943492882,1.71668682138106,-0.653144132728188,0.403232906269808,1.61476771467646,-2.25349437908915,-1.78256733383773,-0.0683217132887587,1.74213510736366,-1.16980709682965,-0.0440130368804959,-0.241551559812813,0.051292419750037,NA,NA,-0.526241562529603,-3,1.53156238482201,-1.34957278179256,-0.116367972695613,-0.245413380567066,3,3,-0.123581136934696,1.75394860033275,1.83739922859819,NA,0,0,3,0,0,0,0,0,3,0,0,0,-0.281967995837939,-1.24591561204514,-1.19258785535595,-1.18130111692184,0.761507824259024,NA,-1.17483250371173,-1.08545625587396,-0.167697776128295,0.088592876109896,1.88940191427754,0.840499429160642,-2.74735505390675,NA,-0.762761190662891,-0.379703515167886,-0.0117866338324212,1.87663604429064,0.0773422951795373,-0.634328062692502,-0.640711714516755,-0.519598361805954,0.21170863612996,-0.755472901395109,-0.620945511177695,-1.20175880428705,-2.30773682893168,-2.10057696883509,-0.608586450052377,-0.566555781764803,-1.15970927597121,-0.965939981742776,0.0616155234084449,0.440772062768837,-0.605227547778243,0.861321880506805,1.61467318631608,1.85280714306503,0.658078285232756,2.13486009211494,0.663326143906734,2.16487112457886,-0.346801181560649,0.674605169680474,0.19990433935579,-0.387490684730411,0.27278856853182,1.07282116163076,-0.248750882890579,-0.58395861060733,0.182601373252704,0.966681749122476,-0.461585440788833,3
"36",471,"WAG  ","Walgreen Co.                                       ","L",2009-07-01,"Consumer Staples          ",0.303310917185443,0.246800393064939,0.183945909112165,-0.513073692663198,-0.501568885219427,-0.392360496572532,-0.136532539781553,-0.120939865923254,0.099255586074702,-0.267346150364965,-0.201589425235215,-0.0754732645092779,0.890869953453876,0.957599726823616,1.00688268157001,0.63322813251372,0.648364850352188,1.61476771467646,0.575497991436837,0.464335124138447,-0.142668194062941,0.681477498075295,0.920299164834939,0.788100363026873,0.32163871310046,0.707679631843424,NA,NA,-0.403687837526208,-0.229347938752557,-0.190415039822431,-0.215992733601944,0.200093553364276,0.345301583322047,-0.551468412004322,-0.395691172868204,-0.0949571145452714,0.0531592291022701,0.616015262417706,NA,0,0,0,0,0,0,0,0,3,0,0,0,1.47249953382035,-0.999238426069601,-0.911920669294983,-0.828368340394887,-1.39053424879693,NA,0.175995713544703,0.247371834386844,-1.28977094902389,-1.36615436543723,-1.24257151376712,1.80478779259217,0.504482257765712,NA,2.82708482271699,0.170994457378772,0.366610237462835,-0.0213535790700752,0.758894528569635,-0.371785472652668,0.200543739063491,0.184986690608314,0.406240212994093,0.431815111094946,0.373025060739782,1.63374634550908,1.25253520961326,0.798309954640255,1.10741569345105,1.10831316768814,1.56511468094828,2.12421826063086,0.288608029547316,0.277561731903455,-0.536868769352268,-0.608982529321624,0.46980254634186,0.893360539367788,-0.535100081599286,-0.614243605572416,0.458171051460579,-0.362457817827709,-0.987287161106165,-1.6123270031027,-2.344859821769,-1.09899922081836,-1.14982830857671,-0.210872061826186,-1.74438234463774,-1.06443947494349,-0.906453068459258,-0.3617239544365,0.141612203468391,-0.286594999966023
"37",476,"WFM  ","Whole Foods Market, Inc.                           ","L",2009-07-01,"Consumer Staples          ",0.808666146877498,0.790011661767957,0.770582742499787,-1.31385369486369,-0.865524541244807,-0.640880573600838,-1.23165052364565,-1.25197526492618,-1.25088782531885,0.572744052052672,0.646422673834464,0.645011057682798,1.72866988458531,1.71604943492882,1.71668682138106,-0.384421035913808,1.33045722770053,1.61476771467646,-0.148375588081649,-0.151407775729006,-2.49853715710713,1.51411860035396,-0.901885959685733,0.0108266172625628,0.707565329579972,0.534451781305764,NA,NA,0.721902711073665,0.0408443755522554,0.856028698176323,0.542143986951126,-0.0645897618175902,-0.119340060608196,1.28569286952009,1.42243615631543,2.23491040946152,-0.817703009523532,-0.362655784272781,NA,0,0,0,0,0,0,3,0,0,0,0,0,0.156648886576633,-0.990086268438928,-1.08098650943421,-1.08718807570007,-0.548275750204852,NA,-0.622364180471479,-0.562713273497127,-0.8068450196666,-0.731449643796425,-0.457837774287374,-0.0420299186036171,0.417946330048588,NA,-0.0411253753658462,0.0394510690189723,0.116153316745528,-0.028958653160569,1.5876617717511,-0.0560282239074933,0.322557888819405,-0.08721065256263,-0.101589584968864,-0.0765433403783912,-1.05407059469577,-0.640384209799455,0.177911706306002,0.167651900871288,0.553488695601319,0.338443119561711,0.269097670608533,0.325031429454306,0.00892025387006626,-0.178852964645977,-1.72356179792779,-1.30079652615772,1.80569393605347,2.51465510528686,1.31766326750967,1.34907242167021,3,2.67289037274886,-0.351661913621097,0.0783468830751643,-0.719633542514585,-1.46078803563007,-1.89031836595205,0.224086421086312,-0.810050140415301,-0.963592252166284,-0.885331371763509,0.811905354637084,0.272174672504831,2.77224153536068
"38",482,"WMT  ","Wal-Mart Stores, Inc.                              ","L",2009-07-01,"Consumer Staples          ",-0.0354064228607868,-0.0942696788863802,-0.222553752008048,-0.156620382662412,-0.0997865203897235,0.00191676967948362,0.0847034092324947,0.0420235647588635,0.0765282335284747,0.00420269577957394,-0.017296613140552,0.0104410818756522,0.907451110040533,0.953089101225098,0.997084901665213,0.10171352001145,0.164853775493238,1.14073150600583,0.506080320148871,0.44393096354584,0.192563330266511,0.705810587172132,-0.264219356372722,-0.244415482878863,-0.403220406941539,0.488217185066211,NA,NA,-0.116812985097452,0.201827489346125,-0.227658734165559,0.312746386052711,0.0459683118049348,0.571750303689967,-0.564711178146478,-0.526328023233267,-0.436593942071854,1.75394860033275,1.83739922859819,NA,0,0,3,0,0,0,0,-3,0,0,0,0,3,-0.941673054731102,-0.869047634627731,-0.814160443691783,-0.335019304473542,NA,0.0830989522751793,0.265665116001621,-0.308122673716388,-0.359125021364021,-0.486057640555385,-0.247685686903969,0.627339221018566,NA,0.34689270383651,-1.74134163233569,-0.619954284873662,-0.363908385297664,0.440836728780625,0.469445437010501,0.206965536419066,0.398365835545942,0.544093985866252,0.583124199292118,1.70666636150483,1.90086017466493,0.622738997614266,1.29662980231223,1.55741615668673,1.60507784567183,1.52278916039692,1.77401722120482,0.342641595705493,0.278134574928985,-0.439860104782227,-0.672877334664079,-0.925071726135114,-0.48710858186913,-0.973275581122117,-1.02082057898473,-1.08887379808115,-1.1958393566124,-0.592481286403599,-1.02714805678185,-0.456010342000192,-0.526089947338291,-0.955329641938364,-1.19839609585628,-0.999876840311137,-0.824888563060845,-1.14596372833798,-1.06543565542537,-0.00282732876204102,-1.04495718100312
"39",569,"CHD  ","Church & Dwight Co., Inc.                          ","M",2009-07-01,"Consumer Staples          ",-0.0696965079506995,0.0119265636584826,0.0223903124552423,-0.971650018133897,-0.963698203784986,-0.927193822842333,-0.406693042023417,-0.479580783185688,-0.461914414272429,-0.545689193329039,-0.538709376280283,-0.464338035270666,-0.723798406995425,-0.729328530102633,-0.733478578951414,-0.181393441680562,-0.447302137318899,-0.676412853153783,0.339497606674746,0.0527621979618338,0.530458172810828,-0.743248200955669,-0.428816440625012,-0.567372475366798,0.270831112533008,1.09116637023337,NA,NA,0.21016245939712,0.959922810814569,0.325694839471853,1.20723390522648,0.165850032894245,0.587246307378916,-0.561554625398079,-0.55727103519482,-0.154722239339962,-0.775002308281417,-1.00206628188703,NA,0,0,3,0,0,0,0,3,3,0,0,0,-0.281967995837939,0.274365073520579,0.268539630428676,0.183316986937228,-0.709249404850445,NA,-0.179319628066901,-0.139860066984405,-0.398406135247006,-0.160677612774797,-0.133233665242568,1.15946820835692,0.694414422725723,NA,0.0204798740189333,0.219579781545537,0.300193447602278,1.31976575625144,0.827049751908645,0.605752562314438,0.497016716979176,0.307451159990303,0.371002272154379,0.309153502770225,1.7028243837995,1.90086017466493,0.522240206539284,-0.0706387260144145,-0.335166785124331,-0.267189405855562,1.07960305660948,0.248518828114969,0.412167398761251,0.580711357635261,1.63289832981581,-0.649028994819276,-0.60604750656327,-0.449774037669009,-1.25317470042379,-0.0626682800435726,-0.724056869911112,-1.12254393163012,0.753694123461433,0.165935880061195,0.193839207609052,1.08353850036617,-0.0258421426910846,-0.482952680752424,-0.0777915266805141,0.24988891873467,-0.376609907590079,-0.498995051972006,0.612919402218822,-0.689878406972618
"40",607,"DF   ","Dean Foods Company                                 ","M",2009-07-01,"Consumer Staples          ",-0.792100967288189,-0.647370384617129,-0.61737373463881,-1.31385369486369,-1.33577428508751,-1.32149426080879,-1.34579627118945,-1.66052543668673,-1.64561845376062,-0.238738710379622,-0.229417432897875,-0.275826819139697,0.466499087006701,0.517429129127733,0.460715559483159,-0.0312946237410077,0.168324925196884,0.865712124493673,-0.0676370086878451,0.527465693813698,2.28132137399226,1.74213510736366,-0.236945279918689,-0.135399412597315,2.18534475132407,2.95479543406607,NA,NA,0.248725120280244,1.79191727588315,0.636347239635866,1.02222292511716,-0.413913757530114,-0.666739342399659,-0.350290732418357,-0.142425409134033,0.376250797826033,-0.703151285068591,-0.721307690849207,NA,3,0,0,0,3,0,0,0,0,3,0,0,-0.720584878252511,-0.857021966424363,-0.822118868697395,-0.943473051103777,2.43274249657415,NA,-0.611613710069192,-0.37655142456968,1.40182885409934,1.7723037908179,2.14882065509575,-0.947509577480485,1.97313570220745,NA,-0.695115192375704,0.275078291227433,0.382455685900728,1.9928433842035,-0.467899491532541,0.944999742238109,1.56205040241001,1.52313108633723,-1.22464199485491,-0.97843985551442,-1.26870191980655,-1.24733955768661,-2.30773682893168,-2.10057696883509,1.1089000614508,1.60507784567183,-0.969234962076057,-0.519350506076267,0.666414507481039,-0.0736275735739403,0.936440164382307,-0.775909201203196,-1.33462521974743,0.272192371143371,-0.334490416023564,-0.128881445126848,-0.942265329576175,0.49312552945766,0.449660838342897,-1.24325929227969,1.01497872123628,1.09790755945698,0.833082226289881,-0.928370696058066,2.36531415072295,2.40572851987867,2.39173160134336,2.55888403325816,0.0215231875001933,0.577358699785322
"41",620,"ENR  ","Energizer Holdings, Inc.                           ","M",2009-07-01,"Consumer Staples          ",0.0960884572108324,0.314467602811282,0.46935511090774,-1.31385369486369,-1.33577428508751,-1.32149426080879,1.11307205254856,1.32869041242538,1.5666119184747,0.735275090688529,0.714350382277392,0.772842529959558,-0.262085391478146,-0.257703652114424,-0.26950545523501,0.366155863074986,0.0721444199858101,-0.544959605854029,1.39421290317689,1.31536208881624,0.514404858920176,-0.108452728162452,0.550864103853913,-0.0627582228496745,1.71032747815388,0.193799515735769,NA,NA,-0.481789779384542,-0.11641865144243,-2.47089310959994,-0.988390511796578,-2.90722877850573,-1.67391935315409,-0.46534238361091,-0.0878159641886507,-0.169478463214526,-0.930350162059819,-0.954814430198622,NA,0,0,0,0,0,0,0,0,0,0,0,0,-0.0626595546306533,0.268295170505448,0.246760913323457,0.0814850760581341,1.22057119259458,NA,-0.199850168456139,-0.829333492829024,0.834954312879022,1.06642938414783,1.40953585830243,-0.681527962509666,0.0096404600382336,NA,-0.82289494152086,2.16748590108592,2.48414300729421,1.9928433842035,0.349963188535577,-1.82412499840168,0.85128587109503,1.15659953340436,1.25677014145194,1.42556163722009,0.565277550127139,1.37053542343142,-1.56621770034959,1.07759475587959,1.55741615668673,1.60507784567183,0.213263430945758,1.09609758934994,0.621121288666834,0.0898441368006372,-0.118116418443478,-1.36723468100664,0.157049599887645,0.0410333449234569,-0.29185388992193,0.190337196186574,1.37890217938094,1.47026319254696,0.525434718385032,-0.218578209816113,0.684927408226594,0.176833868619626,-0.181797066259601,-0.391234460562115,0.237418990162469,-0.0469424547048609,-0.674525212005561,-0.301834276425943,-1.28613530498578,0.631832912504921
"42",638,"FLO  ","Flowers Foods, Inc.                                ","M",2009-07-01,"Consumer Staples          ",-0.270046301483348,-0.337275365010654,0.351713598531561,0.145129308566941,0.164620001432595,-0.496828364499723,-0.399748315437461,-0.448981020277387,-0.526835301891188,-0.396686859959374,-0.449977011687976,-0.357053328396573,-0.0548310174351774,-0.0285155412640261,0.00534753660145585,-0.405064419553148,-0.198650926550609,0.187460884394227,-0.597395116127642,0.131550175537916,-0.845356286206521,-0.209135520118823,-0.79955989184784,-0.594267192665559,0.629859410264162,0.154238401763492,NA,NA,-0.0454593785062751,0.784220094096557,0.0475863369996005,1.59358357035848,0.300998582280591,1.85939665866803,-0.0864098481844615,-0.126085601086609,0.68570952391525,-0.629773347462338,-0.259149107875692,NA,-3,0,0,0,0,3,0,0,0,3,0,0,-0.501276437045225,-0.637511064915993,-0.651983884107606,-0.564632361388188,-0.815411450192988,NA,0.0696251468327199,-0.797055853813332,-0.733565464690233,-0.734907408678249,-0.845951144718671,0.742376083115601,-0.223424557803235,NA,-0.217864065274674,-1.74134163233569,-0.503771970265051,-0.0435482804916613,-0.331589044854522,0.245493804829535,0.406298126336095,0.30697603468052,0.187589215320282,0.0822564100443657,1.70666636150483,1.86895951212169,0.605101073047043,0.0469668489246538,-0.504676852271821,-0.447171058304558,0.0666345379317751,1.10718736046405,0.415606101339803,0.618810829827003,1.1262586621005,-1.1361355603406,-1.206092886615,-0.905276979772905,0.161988935026265,-0.349825431300507,-0.693509410033008,-1.00139662884114,-0.224283475675923,-1.26424695475682,1.00206758757055,1.42447914199143,-0.00748444446834478,-0.950114065849695,0.860873381298251,0.389899936929123,-0.548525455186319,-0.703486928868147,-0.421244645513681,-0.849001438913707
"43",649,"GMCR ","Green Mountain Coffee Roasters, Inc.               ","M",2009-07-01,"Consumer Staples          ",-1.05233849296203,0.478761084339997,0.351713598531561,-1.31385369486369,-1.33577428508751,-0.496828364499723,-2.19533776991345,-2.46437166028826,-2.32424517399233,-1.81874766359131,-1.71941126110459,-1.70949053737314,-1.03495667826973,-0.948245951783141,-0.901068792890778,-2.60663939283369,-2.54575188501191,-0.948302326565876,-0.63580104732159,-0.695993846707356,-0.448077409661269,-1.0865811192312,-1.73384671079009,-1.5739119988391,0.903870785548949,1.2127244061363,NA,NA,3,1.81735703869837,1.34501721987245,0.635440141120777,1.9402581141728,1.54869501821637,2.48640942959369,2.86875843820144,-1.02005970692572,-0.782894487003388,-0.524897514934658,NA,0,0,0,0,0,0,3,3,0,0,0,0,-1.15920176066708,-0.558762200335094,-0.49745566068291,-0.506097237857142,-0.422821712932617,NA,0.291381950159648,-0.102455823695201,-0.340500110707355,-0.218763410212894,-0.392761990952055,1.05762894947116,0.133913555999782,NA,-0.0187152480807685,2.16748590108592,1.98216383645187,1.01365712795847,3,0.543534582861371,0.554085089479047,0.407849926031916,0.147019941291255,-0.0279646228598778,0.0424390724651273,-0.173515020224872,0.744829136374078,0.0440128452717037,-0.455315846152467,-0.524274064781081,0.482287924309864,-0.298582751666911,1.16224791439434,0.640798597021139,-0.902299247538856,2.63441266306778,3,3,3,3,1.7815248347904,1.16579718442269,-1.0159524205116,0.993024271533896,1.10248820823987,-0.628358523074469,1.04593235393468,3,0.700587820557803,0.539798973634778,2.16516407515939,2.55888403325816,1.51899430986662,3
"44",657,"HAIN ","The Hain Celestial Group, Inc.                     ","M",2009-07-01,"Consumer Staples          ",2.17668802629496,2.06500966575702,1.98286935212791,-1.31385369486369,-1.33577428508751,-1.32149426080879,0.17661237887671,0.283266549915656,0.620202230882794,0.142094404557773,0.250565171279603,0.462841368904512,0.458780008370283,0.475767327893221,0.586293767323273,0.44269344830684,0.108137342098074,0.357218936061256,1.68388168709706,-1.72168754597128,-1.16153199655967,0.346581807341884,-0.884023537902073,-0.764797731186739,-0.916719854874397,-0.274874287195751,NA,NA,-1.27446481991606,-0.987896489131168,-1.83357528257557,-1.51641074228951,-0.589579555814764,-0.501684408169434,-0.0379995540622279,-0.132697503383425,-0.877650365718475,-1.04075108371049,-1.07937644939417,NA,0,-3,-3,0,-3,-3,-3,-3,-3,-3,0,-3,-0.939893319459797,-0.652366800365695,-0.555512048141151,-0.600061612384449,0.503817138008843,NA,-1.15857446598474,-1.72442293187786,-0.721049998571744,-0.460639265675184,1.11936382219299,-0.108503962817836,-0.619423488801791,NA,-1.24509795792058,1.60059239855802,0.605785931962521,0.0305967908061096,1.53132030220478,-1.04117805457078,-1.26362605800747,-0.697862431522894,-0.143959268757452,0.025260921403835,-0.85708324715107,-0.603775801032277,1.09994128021444,0.808401577102843,0.283994776106202,0.131280165312438,0.982381417038498,0.453354401335463,-0.818277893994948,-0.346806621418797,-1.84196235837483,-0.458746140052387,0.364584952778156,-1.28263745089189,0.606309413931539,0.796496340656594,0.673405657840446,0.992687646530724,-0.2603303406633,-0.705728348852822,-1.40100396854381,-1.08388758537901,-0.417715830858987,0.0292023969955537,-0.8959062596412,-1.05913439871618,-0.79710486274874,-0.668803837543119,-1.9790869665136,-0.13733315616114
"45",674,"HSH  ","The Hillshire Brands Company                       ","M",2009-07-01,"Consumer Staples          ",-0.171151098374067,-0.300080826862696,-0.049148228099366,1.01712621459314,0.95882362649883,1.04939906420243,0.539375813963958,0.472346457309331,0.356560972588786,-1.55707292243485,-1.60178086447926,-1.59944466791731,-0.868977258747537,-0.888083040546919,-0.909312602643369,0.381258332376941,1.04248439822213,0.553393458866796,3,-1.99121417354038,-0.473558129056777,0.486766252305971,0.537591046050469,1.00369153632704,-0.901652075788549,-0.487148190730699,NA,NA,0.350995944401728,-0.136666651211755,0.20359793875729,-0.152379620256642,-0.0796608385912587,0.0808657407966348,1.16777054282011,0.353479918134458,0.0111918860327221,0.253590558802025,0.0278801247769976,NA,0,0,0,0,0,0,3,0,3,0,0,0,0.156648886576633,-0.532320208957591,-0.651874175882325,-0.618115035293637,-0.11197034179121,NA,-1.45727910611836,-0.630224683147623,0.319698984019399,0.00356234892996041,-0.0965744033685474,-0.747290371599545,-2.74735505390675,NA,-0.530250185007884,-0.00813010754074257,-1.54296646570464,-0.442176542587539,-0.740520384888581,0.0465848782018772,-2.3103790269661,-2.72606577707177,-1.8830069299573,-2.08982324323911,-0.972030845817366,-1.4600429698522,-0.302467640284738,0.403099644557073,-2.13758941832266,-2.00765925896021,-1.47116182147855,-1.69336145569045,-1.50407108141552,-0.44068609946104,1.34266100549975,0.338615935937551,0.0330156206173152,-0.875305704277502,0.432098763375795,0.341544514772209,0.0304682337921249,0.0754699718271916,1.90182803352622,0.475789899510942,2.08884920415263,1.50158524439633,0.617971563011787,0.289896385400842,2.36531415072295,2.40572851987867,2.39173160134336,2.55888403325816,-0.795564081601721,-0.0908174635963863
"46",686,"INGR ","Ingredion Incorporated                             ","M",2009-07-01,"Consumer Staples          ",1.01475722866647,1.08712326559386,0.996785776295069,-0.191417719822179,-0.385761643261259,-0.101182089675848,-0.218692252686964,0.925565769958941,0.689044221310324,0.799818345812832,0.89201498977265,0.668765711836724,0.469267232715586,0.549541646438524,0.571179815376592,0.221015788842025,0.711783070472852,0.311293789015448,0.043786119836079,1.21038703748009,-3,0.456430077048423,1.30541991402552,1.36839744084313,-0.951584634033271,-0.993673807342216,NA,NA,-3,-2.44923831896368,-1.95039168139417,-1.75103474938844,-0.125955057054863,-0.828298737120154,-0.177801325277557,2.02569002356287,0.547903770356811,-0.136173541915005,-0.727022341846554,NA,0,-3,0,0,0,-3,0,-3,0,0,0,-3,-1.37851020187437,-0.468750270870543,-0.578281510197021,-0.681825290818849,0.367129834681007,NA,-0.181573765274212,-2.12332107883045,-0.444948773819877,-0.328515959265407,-0.31698900409947,0.276322777367029,-1.37525673350519,NA,-1.59415623557375,-0.754752827827993,0.159654776332438,0.0157218947467983,0.454035124090671,-3,-0.351730833515907,0.765081545575629,1.66669823842882,1.19221261644428,1.57547345058407,0.338463702016546,0.0615989976413661,0.989011754798609,1.55741615668673,0.859440144085837,0.516162859616255,-0.356619792121618,0.535505945610982,0.860113079497826,-0.0171264246424612,1.19696928525763,0.759541282464734,-0.158255705559108,0.884702084761889,1.1144819570844,0.487169568399189,0.763333359950767,-0.552761752650905,-0.741502510700051,-0.478422353289852,-0.547956988601282,0.893121237774729,1.02922688518206,-0.414624457191344,0.0365844237162381,0.355495571528368,-0.0421272125500282,-1.71851856767921,0.117719056153808
"47",711,"LANC ","Lancaster Colony Corporation                       ","M",2009-07-01,"Consumer Staples          ",-0.427910239463389,0.478761084339997,0.351713598531561,-8.49477021679218e-05,-0.533140926234615,-0.496828364499723,-0.500876810456387,-0.650134395599283,-0.905119967509608,-0.195847267612291,-0.134382024721392,-0.00610309652455567,-0.551710355996932,-0.569482004727729,-0.606443492486361,-0.39044431321236,-0.00204027724814486,-0.573683855491428,-0.35129678229836,0.1072179256152,0.835691257450431,-0.580608219426296,-0.367146777065338,-0.571238006486599,0.12513085195901,0.00107978910227276,NA,NA,2.56533639532762,2.44959607318258,-0.2180680774236,-0.640860249184845,0.0851385618683309,0.301162015316969,-0.725875531709292,-0.52124473584725,0.68570952391525,-0.472430668002193,-0.47009673384829,NA,3,3,0,3,3,0,0,0,0,0,0,0,-1.81712708428894,0.160692282631095,-0.274300141333317,-0.209769644108004,-0.422821712932617,NA,0.346622577344981,1.05494420540704,-1.68446631146604,-1.73287449495429,-1.58669295784862,0.0300524395850331,0.849902466631854,NA,3,0.0212991565109545,0.103060527608077,-0.533869734616848,0.0773422951795373,3,1.63688574759363,0.698784990722221,-0.360829942469288,-0.485156974677557,-1.16608192627945,-1.27590616893028,-0.269825115625986,-0.78815458435179,-0.525064157889691,-0.179729200797194,-0.884180916086284,-0.260782465493284,0.781381140977612,-0.0223465487105589,-0.513847833766275,-0.409872858763013,-0.237685452880469,1.75223143141309,-0.206098718073658,-0.260920906501817,-0.989021766867705,-0.549379007765347,-1.06981860855592,0.136257906270534,0.28929104819917,-0.16740630720939,-0.387140025747076,-0.370328226127545,0.264112221954751,-0.124792472483855,-0.283874960907505,0.156369336582367,1.56335671857335,0.636341615251053
"48",831,"SVU  ","SUPERVALU INC.                                     ","M",2009-07-01,"Consumer Staples          ",2.21735825774075,2.36296614416493,2.73777309621361,1.46513759387364,1.39346934755533,0.655860884711707,3,3,3,3,3,3,1.72866988458531,1.71604943492882,1.71668682138106,0.936233818196493,2.54981992091067,1.61476771467646,0.209231909318256,-2.61193617859224,0.785544122889592,1.74213510736366,0.500623694846931,1.56200511546673,-2.11594289650189,-2.13073954782051,NA,NA,-2.58817147090353,-1.05512333818292,-2.77529457958949,-1.02093580820643,-2.57584469518883,-1.20603331911052,0.742073961791214,0.44919489624117,-0.276623035815324,-0.196054481663827,-0.68301095622234,NA,0,0,0,0,0,0,3,-3,-3,0,-3,-3,-0.281967995837939,-1.12593373640784,-1.12611203579203,-1.15873646385558,1.6546394111779,NA,-2.65035351760213,-0.654841401550285,1.0158454106022,0.899104031944123,1.08087500137507,-0.684387960460314,-1.37361380118337,NA,-0.665199725859794,2.16748590108592,2.48414300729421,1.98945639103764,-1.42207261827868,-0.358235583286288,-2.56415150277278,-2.72606577707177,-2.3056656586609,-2.08982324323911,-1.04149240268031,-1.03737965297665,2.09921246204651,1.33908850136295,1.55741615668673,1.60507784567183,-0.775697064945566,-0.71505313306793,-2.55654091884724,-0.709448834356125,-3,-1.68086679614691,-1.02521313592743,0.197153080345177,2.44232381514834,1.86737761026877,1.19469503726626,1.42941056803333,-1.57145703760957,-1.67555316292169,-3,-3,-2.66041289240566,-1.61801659673334,-3,-2.91669637165503,-2.37836650679795,-1.91022320480085,-2.93483183017331,0.0625036605911205
"49",864,"UNFI ","United Natural Foods, Inc.                         ","M",2009-07-01,"Consumer Staples          ",0.201273811205103,0.478761084339997,0.351713598531561,-1.31385369486369,-1.33577428508751,-1.32149426080879,-0.865306171590907,-1.02524398893839,-1.04236588030703,-0.68669595939686,-0.663545440701709,-0.61938108447421,1.72866988458531,1.71604943492882,1.71668682138106,-0.876964366402327,-0.920176391585159,1.61476771467646,0.390226534362269,-0.0222458355907612,0.118782026322669,1.56946251059417,-0.631189921757668,-0.657145242517663,0.456616254652729,0.797679651461297,NA,NA,0.590022600065764,0.168651340313139,0.540243598464756,0.0253522333182204,0.0294723123366492,-0.15932312974078,-0.726788240196358,-0.513881991208035,-0.892365736842009,-1.03001466641851,-1.09991093366365,NA,0,0,3,0,0,0,3,3,0,0,0,0,-0.720584878252511,-1.27495849874163,-1.12330442456751,-1.05383368929958,0.271525714996452,NA,-0.179262230494145,-0.394985803331031,-0.459096484542672,-0.307976746343243,0.223239352359802,-0.209222374758656,0.435457827304287,NA,-0.389478359512413,0.404497523679838,0.260185745050175,0.00267328101853411,1.65854347664457,0.260765440804314,0.53447720155336,0.298059148052737,0.121388379078207,0.127342779027102,-0.224341093854206,0.413441204934093,0.460049582867265,1.64853016869456,1.55741615668673,1.60507784567183,0.456469777373835,1.19625666190956,0.359454772467734,0.220833610496082,0.409610647200459,0.613103052692949,2.26354687411176,0.785516316887423,0.945793795633987,-0.0386655110211406,0.570255026914069,1.63396095457357,1.90182803352622,1.70450944774661,1.1348249812988,1.56697612839538,0.809465484848518,2.07540438509591,1.08100020683755,0.789913081953954,1.18540816689863,1.78065195069741,1.52003104559689,1.37886750495541
