X,RRC_DJI,RRC_DJV,RRC_S.P,RRC_FTSE,RRC_IMO_FTV,RRC_IMO_STI,RRC_IMO_STIV,SGPRIME,UKPRIME,USPRIME,IMO_SGINF,IMO_UKINF,IMO_USINF,SG.D,P.D,Velocity_sg,Velocity_uk
05-Nov-86,-1.078078813,-1.046987035,-1.086084297,-1.274984193,-1.146072079,-1.566071299,-0.675384217,5.5,12,7.5,-1.38,3.55,1.29,0.4558,1.4235,0.002413339,0.002458728
12-Nov-86,-1.080998913,-0.751455768,-1.085799364,-1.2652161,-1.152374116,-1.608071509,-0.775596888,5.5,12,7.5,-1.38,3.55,1.29,0.4569,1.427,0.000656599,-0.005746321
19-Nov-86,-1.117675159,-0.608903841,-1.128444392,-1.3145499,-1.377416554,-1.626871396,-0.783905815,5.5,12,7.5,-1.38,3.55,1.29,0.4572,1.4188,-0.000437445,0.004722301
26-Nov-86,-1.068388891,-0.323315926,-1.075684229,-1.286034964,-1.30176298,-1.63863494,-0.83207806,5.5,12,7.5,-1.38,3.55,1.29,0.457,1.4255,0,0.003858295
03-Dec-86,-1.051704945,-0.977529919,-1.051654847,-1.3038938,-1.329796539,-1.625281139,-0.847646527,5.5,12,7.5,-1.38,3.75,1.13,0.457,1.431,-0.000656455,-0.00349406
10-Dec-86,-1.059546564,-0.9215461,-1.06528416,-1.284653618,1.405907583,-1.633101717,-0.857414639,5.5,12,7.5,-1.38,3.75,1.13,0.4567,1.426,-0.001532735,0.002244039
17-Dec-86,-1.067541296,-0.662029932,-1.081430385,-1.282976268,0.817978909,-1.622623449,-0.875445719,5.5,12,7.5,-1.38,3.75,1.13,0.456,1.4292,0.001754386,0.019801287
24-Dec-86,-1.062854917,0.044687787,-1.085276986,-1.25456,-0.622087548,-1.595915847,-0.872425858,5.5,12,7.5,-1.38,3.75,1.13,0.4568,1.4575,0.010070053,0.017495712
31-Dec-86,-1.079768534,-1.447913325,-1.1070269,-1.240845203,-1.146072079,-1.619856838,-0.899543332,5.5,12,7.5,-1.38,3.75,1.13,0.4614,1.483,-0.001517122,-0.007417397
07-Jan-87,-1.026178672,-1.56909742,-1.044531513,-1.1982208,-1.146072079,-1.615608891,-0.85575247,5.5,12,7.5,-0.69,3.95,1.43,0.4607,1.472,0.013457782,0.022078804
14-Jan-87,-1.003725614,-0.155279236,-1.00981713,-1.155793732,0.216253996,-1.474620634,-0.592216433,5.5,12,7.5,-0.69,3.95,1.43,0.4669,1.5045,-0.001070893,0.008308408
21-Jan-87,-0.971429519,0.164099672,-0.985122904,-1.159345766,-0.127855124,-1.495882151,-0.701163147,5.5,12,7.5,-0.69,3.95,1.43,0.4664,1.517,0.009433962,0.015161503
28-Jan-87,-0.933522895,-0.072073823,-0.949221298,-1.109518628,-0.189781117,-1.49411762,-0.802992028,5.5,12,7.5,-0.69,3.95,1.43,0.4708,1.54,-0.002761257,-0.011688312
04-Feb-87,-0.918298999,-0.08248837,-0.929086006,-1.075379638,-0.339950194,-1.441944122,-0.723428161,5.5,12,7.5,-1.04,3.93,2.11,0.4695,1.522,-0.004685836,0.000985545
11-Feb-87,-0.928836516,-0.495236361,-0.939058675,-1.026933846,0.628597388,-1.398070459,-0.613181202,5.5,12,7.5,-1.04,3.93,2.11,0.4673,1.5235,-0.001069976,0.006235642
18-Feb-87,-0.89292584,-0.494411367,-0.901637425,-0.971482655,0.492463815,-1.318601182,-0.408305539,5.5,12,7.5,-1.04,3.93,2.11,0.4668,1.533,0.002142245,0.004631442
25-Feb-87,-0.899154295,-0.342921198,-0.908380848,-0.950663792,-0.179613387,-1.259325989,-0.470366849,5.5,12,7.5,-1.04,3.93,2.11,0.4678,1.5401,0.000213767,0.012466723
04-Mar-87,-0.882087564,-0.736163624,-0.886440978,-0.921458182,0.122730434,-1.239284395,-0.528935306,5.5,12,7.5,-0.7,4.03,3.04,0.4679,1.5593,-0.006197906,0.019047008
11-Mar-87,-0.875782553,-1.025239673,-0.878415354,-0.944447733,0.054498242,-1.228610068,-0.512920658,5.5,11.5,7.5,-0.7,4.03,3.04,0.465,1.589,0.002580645,0.011013216
18-Mar-87,-0.865966859,-0.943174457,-0.866685597,-0.917610146,-0.333379763,-1.322260951,-0.71088913,5.5,11.5,7.5,-0.7,4.03,3.04,0.4662,1.6065,0.003003003,-0.004046063
25-Mar-87,-0.824101146,-0.275059392,-0.830594036,-0.881793807,-0.117348261,-1.209004161,-0.674173975,5.5,11,7.5,-0.7,4.03,3.04,0.4676,1.6,0.000213858,-0.004375
01-Apr-87,-0.850043014,-0.436845103,-0.868537664,-0.950663792,-0.488579651,-1.287427789,-0.765666006,5.5,11,7.625,0,4.2,3.81,0.4677,1.593,-0.001496686,0.014312618
08-Apr-87,-0.819360084,-0.194687586,-0.845410572,-0.947111758,-0.773353084,-1.197022773,-0.78148916,5.5,11,7.75,0,4.2,3.81,0.467,1.6158,0.002569593,0.010335438
15-Apr-87,-0.868143263,0.275057375,-0.906291336,-1.0008856,-0.49144043,-1.17663263,-0.604012467,5.5,11,7.75,0,4.2,3.81,0.4682,1.6325,0.000213584,-0.001531394
22-Apr-87,-0.866508226,-0.50124129,-0.89323189,-0.967831954,-1.146072079,-1.094418526,-0.637837977,5.5,11,7.75,0,4.2,3.81,0.4683,1.63,0.003203075,0.018711656
29-Apr-87,-0.883831969,0.053273838,-0.905673981,-0.886036514,-0.592680816,-1.100866691,-0.47468504,5.5,11,7.75,0,4.2,3.81,0.4698,1.6605,0.004469987,0.015959048
06-May-87,-0.835748739,-0.17962541,-0.853911084,-0.838774733,-1.146072079,-1.061742014,-0.56957992,5.5,10.5,8,0.47,4.19,3.8,0.4719,1.687,-0.001271456,-0.010491998
13-May-87,-0.842589649,0.240066684,-0.860986929,-0.762899349,0.512564172,-0.989810119,-0.481534782,5.5,10,8,0.47,4.19,3.8,0.4713,1.6693,0.003607044,0.00850656
20-May-87,-0.904824977,-0.893546149,-0.935876919,-0.752440583,0.33404321,-0.930317083,-0.250799762,5.5,10,8.25,0.47,4.19,3.8,0.473,1.6835,-0.001268499,-0.034749035
27-May-87,-0.861110961,-0.92004728,-0.8859186,-0.780363514,-1.146072079,-0.917529674,-0.44471622,5.5,10,8.25,0.47,4.19,3.8,0.4724,1.625,0.001058425,0.011076923
03-Jun-87,-0.847505698,-0.829732122,-0.863408863,-0.691858677,0.026703949,-0.861434995,-0.437004754,5.5,10,8.25,0.82,4.19,3.72,0.4729,1.643,0.002114612,0.009738284
10-Jun-87,-0.829503879,-0.834226973,-0.844413305,-0.671434484,-0.360370958,-0.894285782,-0.404619279,5.5,10,8.25,0.82,4.19,3.72,0.4739,1.659,-0.00506436,-0.01748041
17-Jun-87,-0.800116949,-0.609194921,-0.809556455,-0.607991217,0.172768067,-0.867643533,-0.556340021,5.5,10,8.25,0.82,4.19,3.72,0.4715,1.63,0.004029692,-0.003374233
24-Jun-87,-0.788600597,-0.16462917,-0.799821231,-0.643906223,-0.051523286,-0.833224273,-0.409548336,5.5,10,8.25,0.82,4.19,3.72,0.4734,1.6245,-0.002534854,-0.004309018
01-Jul-87,-0.798799076,-0.701637696,-0.818436879,-0.657917022,-0.786238034,-0.814097622,-0.509360784,5.5,10,8.25,1.29,4.41,3.9,0.4722,1.6175,-0.002541296,0.000432767
08-Jul-87,-0.769155133,-0.716479551,-0.793030319,-0.571977543,-0.421916207,-0.656683972,-0.467025277,5.5,10,8.25,1.29,4.41,3.9,0.471,1.6182,0.005307856,0.011617847
15-Jul-87,-0.758344199,-0.368499236,-0.782915184,-0.510507628,-0.477479827,-0.55370939,-0.215128248,5.5,10,8.25,1.29,4.41,3.9,0.4735,1.637,-0.001900739,-0.024129505
22-Jul-87,-0.765759286,-0.734706617,-0.792175519,-0.584212325,-0.435529356,-0.54246867,-0.354013144,5.5,10,8.25,1.29,4.41,3.9,0.4726,1.5975,0.002539145,0.001877934
29-Jul-87,-0.727830787,-0.478130194,-0.758078492,-0.546126631,-0.457017451,-0.548502933,-0.526853766,5.5,10,8.25,1.29,4.41,3.9,0.4738,1.6005,0,-0.012808497
05-Aug-87,-0.713006082,-0.313708683,-0.744781601,-0.610951245,-0.224539067,-0.495959102,-0.608878331,5.5,10,8.25,1.4,4.4,4.29,0.4738,1.58,0.003165893,-0.000316456
12-Aug-87,-0.656862499,-0.104290411,-0.67858208,-0.641834203,-0.024883707,-0.313014203,-0.528954456,5.5,11,8.25,1.4,4.4,4.29,0.4753,1.5795,0.00063118,0.027223805
19-Aug-87,-0.658776423,-0.196895611,-0.690739237,-0.72915503,-0.662841692,-0.440016913,-0.661303659,5.5,11,8.25,1.4,4.4,4.29,0.4756,1.6225,-0.002312868,-0.002773498
26-Aug-87,-0.639073946,-0.292352107,-0.6682295,-0.677847878,-0.707007966,-0.282080439,-0.661883886,5.5,11,8.25,1.4,4.4,4.29,0.4745,1.618,0.003793467,0.022558714
02-Sep-87,-0.69365358,-0.42133103,-0.729442687,-0.677946545,-1.146072079,-0.454372794,-0.683553354,5.5,11,8.25,1.05,4.17,4.3,0.4763,1.6545,0.006718455,-0.005137504
09-Sep-87,-0.72251008,-0.650299897,-0.766294071,-0.678341216,-0.941558595,-0.371897278,-0.70848971,5.5,11,8.75,1.05,4.17,4.3,0.4795,1.646,-0.002711157,0
16-Sep-87,-0.732943698,-0.574321627,-0.761830114,-0.648050262,-0.982776706,-0.437184949,-0.830387168,5.5,11,8.75,1.05,4.17,4.3,0.4782,1.646,0,-0.001518834
23-Sep-87,-0.702605274,-0.558038846,-0.731769643,-0.576417585,-0.604396488,-0.584054978,-0.777098201,5.5,11,8.75,1.05,4.17,4.3,0.4782,1.6435,0.001463823,-0.010952236
30-Sep-87,-0.696803351,-0.526222694,-0.728730354,-0.562998791,-0.695246522,-0.515434303,-0.787978893,5.5,11,8.75,1.05,4.17,4.3,0.4789,1.6255,-0.004176237,0.010765918
07-Oct-87,-0.721520308,-0.394273471,-0.744354201,-0.569116182,-0.573545842,-0.404944124,-0.807557246,5.5,11,9.25,0.81,4.47,4.48,0.4769,1.643,0.002306563,0.009129641
14-Oct-87,-0.79719138,-0.266344687,-0.807561921,-0.605524527,-0.606354301,-0.444635193,-0.816595765,5.5,11,9.25,0.81,4.47,4.48,0.478,1.658,0.001046025,-0.005428227
21-Oct-87,-1.007640955,3.266166431,-1.0300474,-0.979573398,0.629645994,-1.452879862,-0.658458057,5.5,11,9.25,0.81,4.47,4.48,0.4785,1.649,0.006896552,0.046088539
28-Oct-87,-1.106634553,0.971289788,-1.149244529,-1.261170729,0.720737373,-1.790646073,-0.342301367,5.5,10.5,9,0.81,4.47,4.48,0.4818,1.725,0.009339975,0.016231884
04-Nov-87,-1.052787679,0.238109534,-1.07478194,-1.310800532,-0.023300396,-1.693487911,-0.675384217,5.5,10.5,9,1.4,4.13,4.53,0.4863,1.753,0.0065803,0.019110097
11-Nov-87,-1.077991319,-0.276654703,-1.1083091,-1.28001624,-0.083472471,-1.860573809,-0.686211291,5.5,10,8.75,1.4,4.13,4.53,0.4895,1.7865,-0.00061287,-0.007276798
18-Nov-87,-1.05613978,-0.477829465,-1.090975653,-1.255941346,-0.32852372,-1.739017184,-0.748004509,5.5,10,8.75,1.4,4.13,4.53,0.4892,1.7735,0.003679477,0.011277136
25-Nov-87,-1.051879932,-1.139170894,-1.097861543,-1.255546676,-0.935460453,-1.769297419,-0.838004801,5.5,10,8.75,1.4,4.13,4.53,0.491,1.7935,0.004276986,0.010593811
02-Dec-87,-1.105458857,-0.934060924,-1.148437217,-1.328363364,-1.130053794,-1.857088314,-0.825153635,5.5,10,8.75,1.52,3.71,4.4,0.4931,1.8125,-0.001013993,-0.004413793
09-Dec-87,-1.076175826,-0.382408349,-1.122603258,-1.28001624,-0.823900456,-1.974941601,-0.746451492,5.5,9.5,8.75,1.52,3.71,4.4,0.4926,1.8045,0.016240357,0.017456359
16-Dec-87,-1.036831024,-0.199367378,-1.078960962,-1.230189102,-0.823615419,-1.898783544,-0.79371797,5.5,9.5,8.75,1.52,3.71,4.4,0.5006,1.836,-0.001198562,-0.005446623
23-Dec-87,-1.019786167,-0.074547198,-1.054836603,-1.149676341,-0.714504249,-1.746532782,-0.71122233,5.5,9.5,8.75,1.52,3.71,4.4,0.5,1.826,0.0038,0.017250821
30-Dec-87,-1.050157401,-1.394074813,-1.080005718,-1.161121782,-1.146072079,-1.767380397,-0.720391066,5.5,9.5,8.75,1.52,3.71,4.4,0.5019,1.8575,-0.016138673,-0.025841184
06-Jan-88,-1.002199943,-0.82750319,-1.027625466,-1.134185528,-1.146072079,-1.587833856,-0.675384217,5.5,9.5,8.75,0.7,3.3,4.04,0.4938,1.8095,0.000607533,0.006907986
13-Jan-88,-1.064030613,-0.211906325,-1.089740942,-1.187170029,-0.845440565,-1.701330274,-0.675384217,5.5,9.5,8.75,0.7,3.3,4.04,0.4941,1.822,0.000607165,-0.013721186
20-Jan-88,-1.088960836,-0.410807127,-1.104842411,-1.168028514,-0.89280051,-1.548622042,-0.617340453,5.5,9.5,8.75,0.7,3.3,4.04,0.4944,1.797,0.002022654,-0.007790762
27-Jan-88,-1.071462105,-1.250943942,-1.072787406,-1.155793732,-1.092156268,-1.606786233,-0.751070329,5.5,9.5,8.75,0.7,3.3,4.04,0.4954,1.783,0,-0.011777902
03-Feb-88,-1.064118107,-0.184126695,-1.059348048,-1.154708388,-0.869439904,-1.610707414,-0.778769944,5.5,10,8.625,2.21,3.29,3.91,0.4954,1.762,0.001009285,-0.001135074
10-Feb-88,-1.043628187,-0.043945219,-1.03821549,-1.201871501,-1.045135457,-1.692965087,-0.814091023,5.5,10,8.5,2.21,3.29,3.91,0.4959,1.76,0.000806614,-0.003693182
17-Feb-88,-1.022328951,-0.913799516,-1.026105821,-1.172665892,-1.268983649,-1.630139047,-0.835980709,5.5,10,8.5,2.21,3.29,3.91,0.4963,1.7535,0.000201491,0.005988024
24-Feb-88,-1.001024247,-0.345245012,-1.001316617,-1.16082578,-1.17176708,-1.617678403,-0.838247999,5.5,10,8.5,2.21,3.29,3.91,0.4964,1.764,0.001007252,0.00255102
02-Mar-88,-0.983886428,-0.424044023,-0.984458059,-1.112873326,-0.817802315,-1.617896247,-0.831377192,5.5,10,8.5,1.87,3.48,3.89,0.4969,1.7685,-0.000201248,0.04506644
09-Mar-88,-0.982256859,-0.754517735,-0.979329259,-1.106361264,-0.690496588,-1.530541038,-0.675384217,5.5,10,8.5,1.87,3.48,3.89,0.4968,1.8482,-0.000805153,0.000432854
16-Mar-88,-0.98769787,-0.912080376,-0.980326525,-1.096099834,-0.521731404,-1.499607274,-0.675384217,5.5,10,8.5,1.87,3.48,3.89,0.4964,1.849,-0.000604351,-0.006057328
23-Mar-88,-0.985882377,-0.520068205,-0.980041592,-1.08968644,-1.019105484,-1.466930762,-0.673815881,5.5,9.5,8.5,1.87,3.48,3.89,0.4961,1.8378,0.005442451,0.023778431
30-Mar-88,-1.034835075,-0.810368076,-1.031519555,-1.163983143,-0.941608528,-1.535551437,-0.73604379,5.5,9.5,8.5,1.87,3.48,3.89,0.4988,1.8815,0.001002406,-0.005049163
06-Apr-88,-0.989146984,-1.145606814,-0.996282794,-1.175724587,-1.146072079,-1.524659266,-0.85705846,5.5,9.5,8.5,1.51,3.93,3.87,0.4993,1.872,-0.002203084,-0.018055556
13-Apr-88,-0.964304255,-0.553193412,-0.967409546,-1.111195977,-1.013648157,-1.48021921,-0.767048593,5.5,9,8.5,1.51,3.93,3.87,0.4982,1.8382,0.002609394,0.029811772
20-Apr-88,-1.030848646,-0.204209595,-1.040732401,-1.13448153,-0.904021007,-1.51725259,-0.675384217,5.5,9,8.5,1.51,3.93,3.87,0.4995,1.893,-0.000800801,-0.009508716
27-Apr-88,-0.997081564,-0.593333482,-1.004308418,-1.114846678,-0.907895022,-1.476951559,-0.80709766,5.5,9,8.5,1.51,3.93,3.87,0.4991,1.875,-0.000601082,-0.00496
04-May-88,-1.003014728,-0.786054065,-1.020834554,-1.12668679,-1.146072079,-1.442575868,-0.675384217,5.5,9,8.5,1.63,4.22,3.91,0.4988,1.8657,0.001002406,0.00852227
11-May-88,-1.041544745,-0.402463911,-1.05412427,-1.16408181,-0.83466739,-1.456452494,-0.767023699,5.5,9,9,1.63,4.22,3.91,0.4993,1.8816,-0.005407571,-0.008025085
18-May-88,-1.049616034,-0.915853157,-1.063432093,-1.14355895,-0.929216672,-1.437500117,-0.752889522,5.5,8.5,9,1.63,4.22,3.91,0.4966,1.8665,-0.001409585,-0.001500134
25-May-88,-1.043994567,-0.796711446,-1.05198727,-1.133396187,-0.796669997,-1.449677563,-0.757912411,5.5,8.5,9,1.63,4.22,3.91,0.4959,1.8637,-0.001209921,-0.027203949
01-Jun-88,-0.987867389,-0.22222599,-0.990584127,-1.115833354,-1.146072079,-1.369031932,-0.553233987,5.5,8.5,9,1.39,4.61,3.93,0.4953,1.813,0.001211387,-0.001930502
08-Jun-88,-0.966573622,-1.113185988,-0.96764699,-1.093633144,-0.804166279,-1.294812681,-0.488443888,5.5,9.5,9,1.39,4.61,3.93,0.4959,1.8095,-0.004234725,-0.012987013
15-Jun-88,-0.951016157,-0.318127951,-0.953732744,-1.05308076,-0.807759418,-1.238413022,-0.477904055,5.5,9.5,9,1.39,4.61,3.93,0.4938,1.786,-0.004050223,-0.009518477
22-Jun-88,-0.939641982,-0.240773082,-0.947986587,-1.043214,-0.930423401,-1.226235575,-0.450849774,5.5,10,9,1.39,4.61,3.93,0.4918,1.769,-0.006710045,-0.031091012
29-Jun-88,-0.956167345,-0.757114939,-0.97021139,-1.06709156,-0.808760171,-1.197066342,-0.426537689,5.5,10.5,9,1.39,4.61,3.93,0.4885,1.714,-0.000614125,0.000291715
06-Jul-88,-0.951694233,-0.913842937,-0.965272545,-1.052390087,-0.989286799,-1.182819383,-0.489443487,5.5,11,9,1.61,4.81,4.15,0.4882,1.7145,0.000204834,-0.011840187
13-Jul-88,-0.965797116,-0.915373921,-0.978094547,-1.051107408,-1.045643115,-1.145197825,-0.682816102,5.5,11,9,1.61,4.81,4.15,0.4883,1.6942,0.002252713,0.008912761
20-Jul-88,-0.962390331,-0.834120834,-0.974865302,-1.05515278,-1.077715054,-1.066011745,-0.5592852,5.5,11.5,9.5,1.61,4.81,4.15,0.4894,1.7093,0.004086637,0.018253086
27-Jul-88,-0.993505261,-1.070603098,-1.010481974,-1.081201026,-1.330984542,-1.086118692,-0.612175858,5.5,11.5,9.5,1.61,4.81,4.15,0.4914,1.7405,-0.005698006,-0.016259695
03-Aug-88,-0.949556106,-0.636741366,-0.960713611,-1.0572248,-1.009503668,-1.012291559,-0.675384217,5.25,11.5,9.5,1.5,5.68,4.01,0.4886,1.7122,0.000818666,-0.00916949
10-Aug-88,-1.00420136,-0.949322514,-1.013331308,-1.082089035,-1.050667684,-1.060739934,-0.675384217,5.25,12,9.5,1.5,5.68,4.01,0.489,1.6965,0.002862986,-0.00265252
17-Aug-88,-1.008674473,-0.645533264,-1.018697553,-1.090969119,-1.161093772,-1.121060775,-0.675384217,5.25,12,10,1.5,5.68,4.01,0.4904,1.692,0.000611746,-0.003841608
24-Aug-88,-1.00828622,-0.97608256,-1.016987953,-1.102513228,-1.385227002,-1.241397476,-0.62485851,5.25,12,10,1.5,5.68,4.01,0.4907,1.6855,-0.003260648,0
31-Aug-88,-1.00556298,-1.185354489,-1.015135886,-1.167239174,-1.146072079,-1.303352143,-0.646715642,5.25,13,10,1.5,5.68,4.01,0.4891,1.6855,0.003271315,0.013349155
07-Sep-88,-0.986894022,-1.168605337,-0.994478216,-1.164772484,-1.279251246,-1.245384011,-0.69850904,5.25,13,10,1.5,5.86,4.19,0.4907,1.708,-0.003668229,-0.016803279
14-Sep-88,-0.967836811,-0.850871594,-0.978142036,-1.1558924,-1.110030419,-1.235973175,-0.810515829,5.25,13,10,1.5,5.86,4.19,0.4889,1.6793,0.003477194,-0.003275174
21-Sep-88,-0.973381722,-0.761259209,-0.97410548,-1.12461477,-1.026597605,-1.281698508,-0.675384217,5.25,13,10,1.5,5.86,4.19,0.4906,1.6738,-0.00101916,0.009678576
28-Sep-88,-0.976099493,-1.123553898,-0.979234281,-1.109123957,-1.047136962,-1.317054494,-0.85626376,5.25,13,10,1.5,5.86,4.19,0.4901,1.69,0.0010202,0.003846154
05-Oct-88,-0.964626888,-0.727857395,-0.966032368,-1.095507828,-0.790164064,-1.397917968,-0.675384217,5.25,13,10,1.5,6.41,4.27,0.4906,1.6965,0.002242152,0.021514884
12-Oct-88,-0.953837827,-0.921417446,-0.955964722,-1.10734794,-0.695113366,-1.373955193,-0.82015564,5.25,13,10,1.5,6.41,4.27,0.4917,1.733,0.008135042,0.009867282
19-Oct-88,-0.947806233,-0.777421376,-0.941765542,-1.059790157,-0.711060911,-1.34132225,-0.832755949,5.25,13,10,1.5,6.41,4.27,0.4957,1.7501,0.006657252,0.006228216
26-Oct-88,-0.932544059,-0.452360784,-0.920822939,-1.071432934,-0.84391551,-1.288909125,-0.754015507,5.25,13,10,1.5,6.41,4.27,0.499,1.761,0.001402806,0.015048268
02-Nov-88,-0.937110134,-0.611430286,-0.931840362,-1.078833004,-0.902522999,-1.317446612,-0.816745131,5.25,13,10,1.38,6.38,4.2,0.4997,1.7875,0.017210326,0.005538462
09-Nov-88,-0.95821251,-0.722716057,-0.9590515,-1.096099834,-0.918664037,-1.325419681,-0.859884912,5.25,13,10,1.38,6.38,4.2,0.5083,1.7974,0.011410584,0.018137309
16-Nov-88,-1.001773412,-0.810959885,-1.00421344,-1.114254672,-0.738355868,-1.386219777,-0.675384217,5.25,13,10,1.38,6.38,4.2,0.5141,1.83,0.001167088,0.003825137
23-Nov-88,-0.972408355,-1.053942396,-0.979614192,-1.084851728,-0.956904856,-1.365110751,-0.83577581,5.25,13,10,1.38,6.38,4.2,0.5147,1.837,-0.002137167,0.007348938
30-Nov-88,-0.960252205,-1.308468394,-0.957294411,-1.128956145,-0.857168721,-1.371101444,-0.864358213,5.25,14,10.5,1.38,6.38,4.2,0.5136,1.8505,0.000389408,-0.005674142
07-Dec-88,-0.938860007,-0.846561682,-0.93625683,-1.149380338,-0.867292759,-1.385261266,-0.858264873,5.25,14,10.5,1.49,6.78,4.42,0.5138,1.84,0.003697937,-0.004619565
14-Dec-88,-0.949457676,-1.504336176,-0.949648698,-1.164772484,-0.87412118,-1.380229083,-0.808507056,5.25,14,10.5,1.49,6.78,4.42,0.5157,1.8315,-0.004459957,-0.013650014
21-Dec-88,-0.932839351,-0.687384433,-0.939818497,-1.14849233,-0.963392064,-1.351669812,-0.675384217,5.25,14,10.5,1.49,6.78,4.42,0.5134,1.8065,0.00077912,-0.009964019
28-Dec-88,-0.931860515,-1.500363982,-0.941243164,-1.133593522,-1.146072079,-1.280827134,-0.675384217,5.25,14,10.5,1.49,6.78,4.42,0.5138,1.7885,0.003114052,0.011741683
04-Jan-89,-0.925708618,-1.243375867,-0.930083273,-1.128364139,-1.146072079,-1.316204904,-0.675384217,5.25,14,10.5,1.61,7.45,4.67,0.5154,1.8095,0,-0.01436861
11-Jan-89,-0.909987102,-0.787823058,-0.917831138,-1.087811756,-0.620346114,-1.196608871,-0.675384217,5.25,14,10.5,1.61,7.45,4.67,0.5154,1.7835,-0.003104385,-0.017493692
18-Jan-89,-0.892313385,-0.777188191,-0.896366157,-1.030584548,-0.654929296,-1.177395082,-0.487463438,5.25,14,10.5,1.61,7.45,4.67,0.5138,1.7523,0.00447645,0.01010101
25-Jan-89,-0.877472274,-0.376234562,-0.883971555,-0.984309443,0.187492239,-1.162189611,-0.675384217,5.25,14,10.5,1.61,7.45,4.67,0.5161,1.77,0.001743848,-0.008757062
01-Feb-89,-0.837925143,0.413095153,-0.846217883,-0.88495117,0.681462512,-1.084593788,-0.307290509,5.25,14,10.5,0.91,7.81,4.83,0.517,1.7545,0.004642166,-0.006554574
08-Feb-89,-0.835190967,-0.426190938,-0.838809615,-0.829203976,-0.468949502,-1.052374747,-0.675384217,5.25,14,10.5,0.91,7.81,4.83,0.5194,1.743,0.000770119,0.018187034
15-Feb-89,-0.856670658,-1.040999796,-0.859752218,-0.877255097,-0.746782164,-1.116072161,-0.362622717,5.25,14,11,0.91,7.81,4.83,0.5198,1.7747,-0.000961908,-0.01634079
22-Feb-89,-0.867607365,-0.936942776,-0.875566021,-0.890871226,-0.828625424,-1.080803312,-0.56765732,5.5,14,11,0.91,7.81,4.83,0.5193,1.7457,-0.003658771,-0.013289798
01-Mar-89,-0.889967461,-0.754721974,-0.893611801,-0.903106008,-0.755747327,-1.15264807,-0.441520184,5.5,14,11.5,1.26,7.88,4.98,0.5174,1.7225,-0.00096637,-0.000986938
08-Mar-89,-0.861258607,-0.760265356,-0.860512041,-0.841932096,-0.767438032,-1.084702709,-0.526993557,5.5,14,11.5,1.26,7.88,4.98,0.5169,1.7208,-0.000773844,-0.0004649
15-Mar-89,-0.847587723,-0.738497087,-0.848212416,-0.804537076,-0.812224315,-0.991138963,-0.257086512,5.5,14,11.5,1.26,7.88,4.98,0.5165,1.72,-0.001936108,0.002906977
22-Mar-89,-0.878937793,-0.303885945,-0.877560554,-0.876169754,-0.764756181,-0.983449091,-0.675384217,5.5,14,11.5,1.26,7.88,4.98,0.5155,1.725,-0.008341416,-0.022318841
29-Mar-89,-0.868925238,-1.107045972,-0.86872762,-0.853377538,-1.146072079,-0.959072413,-0.675384217,5.5,14,11.5,1.26,7.88,4.98,0.5112,1.6865,0.00312989,0.008597688
05-Apr-89,-0.856194911,-0.83620503,-0.850254439,-0.846964144,-0.838422813,-0.966413736,-0.194159649,5.5,14,11.5,1.95,8.03,5.12,0.5128,1.701,-0.004485179,-0.005878895
12-Apr-89,-0.848074407,-0.927547812,-0.837194993,-0.891561899,-0.939825483,-0.905940405,0.145142928,5.5,14,11.5,1.95,8.03,5.12,0.5105,1.691,0.006268364,0.011827321
19-Apr-89,-0.811294263,-0.953793243,-0.798444053,-0.838281395,-0.817762784,-0.823530242,-0.675384217,5.5,14,11.5,1.95,8.03,5.12,0.5137,1.711,0.000973331,-0.012273524
26-Apr-89,-0.810096694,-0.788490451,-0.799488809,-0.831966669,-1.031147805,-0.837777201,-0.023293331,5.5,14,11.5,1.95,8.03,5.12,0.5142,1.69,-0.004278491,-0.004733728
03-May-89,-0.807581251,-0.503467005,-0.793647675,-0.819830554,-1.146072079,-0.762490517,-0.030993307,5.5,14,11.5,2.4,8.29,5.36,0.512,1.682,-0.002148437,-0.003567182
10-May-89,-0.818107831,-0.831427139,-0.804855054,-0.808681115,-0.967097553,-0.771639941,0.24399599,5.5,14,11.5,2.4,8.29,5.36,0.5109,1.676,-0.005676258,-0.036396181
17-May-89,-0.769997259,-0.386137709,-0.749388024,-0.770398086,-0.950469663,-0.707702899,-0.026267234,5.5,14,11.5,2.4,8.29,5.36,0.508,1.615,0.007874016,-0.029102167
24-May-89,-0.75827311,0.065801529,-0.741504867,-0.793190302,-0.403313858,-0.771857784,-0.141625169,5.5,15,11.5,2.4,8.29,5.36,0.512,1.568,0,0.003826531
31-May-89,-0.760307337,-0.981035742,-0.734951399,-0.811246473,-1.146072079,-0.774755101,-0.384213672,5.5,15,11.5,2.4,8.29,5.36,0.512,1.574,0.002539062,0.002858958
07-Jun-89,-0.742715645,0.58371779,-0.704416039,-0.807793107,-0.739404474,-0.889122893,-0.675384217,5.5,15,11,2.86,8.26,5.17,0.5133,1.5785,-0.010130528,-0.041178334
14-Jun-89,-0.747615289,-0.569612888,-0.719232575,-0.792302294,-0.760647062,-0.732863813,-0.164631265,5.5,15,11,2.86,8.26,5.17,0.5081,1.5135,0.004133045,0.028410968
21-Jun-89,-0.768641108,-0.445062882,-0.735141355,-0.7542166,-0.915674262,-0.72452041,-0.292143329,5.5,15,11,2.86,8.26,5.17,0.5102,1.5565,0.000392003,0.002248635
28-Jun-89,-0.746860657,-1.244068991,-0.709829773,-0.717512253,-0.695816597,-0.711144825,-0.131347683,5.5,15,11,2.86,8.26,5.17,0.5104,1.56,-0.001567398,0.041025641
05-Jul-89,-0.773207183,-1.1529803,-0.734381533,-0.763392687,-1.104036305,-0.718616854,0.179119718,5.5,15,11,2.38,8.25,4.98,0.5096,1.624,0.003728414,0.000307882
12-Jul-89,-0.73160942,-0.942283528,-0.690834215,-0.670842478,-0.295005788,-0.612483543,0.303841713,5.5,15,10.75,2.38,8.25,4.98,0.5115,1.6245,-0.002541544,-0.006771314
19-Jul-89,-0.703294286,-0.734595652,-0.662720788,-0.635519477,-0.133181375,-0.579175285,-0.675384217,5.5,15,10.75,2.38,8.25,4.98,0.5102,1.6135,0.001372011,0.026650139
26-Jul-89,-0.687632923,-0.31280328,-0.651703364,-0.663146405,-0.94227639,-0.576277968,0.274849513,5.5,15,10.75,2.38,8.25,4.98,0.5109,1.6565,0.006067724,0.000603682
02-Aug-89,-0.663358903,-0.238643857,-0.621832849,-0.620423334,-0.750464767,-0.593879716,0.013042667,5.5,15,10.5,2.61,7.32,4.71,0.514,1.6575,-0.003501946,-0.019607843
09-Aug-89,-0.647697539,-0.380702074,-0.609485736,-0.568524177,-0.270675638,-0.594990717,-0.675384217,5.5,15,10.5,2.61,7.32,4.71,0.5122,1.625,-0.001366654,-0.027076923
16-Aug-89,-0.643754856,-0.543248452,-0.615564315,-0.582929646,-0.627904813,-0.561137851,0.175609632,5.5,15,10.5,2.61,7.32,4.71,0.5115,1.581,-0.004692082,-0.005060089
23-Aug-89,-0.652055817,-0.74413696,-0.620123249,-0.546817305,-0.777401867,-0.562357774,0.057789083,5.5,15,10.5,2.61,7.32,4.71,0.5091,1.573,-0.00039285,0.002542912
30-Aug-89,-0.624692177,-0.695433353,-0.591867355,-0.547902648,-1.146072079,-0.620151631,-0.286279781,5.5,15,10.5,2.61,7.32,4.71,0.5089,1.577,-0.005305561,-0.016804058
06-Sep-89,-0.62926372,-0.939086474,-0.59856329,-0.538529226,-0.837578103,-0.518919797,-0.081279647,5.5,15,10.5,2.5,7.56,4.34,0.5062,1.5505,-0.002370605,0.006127056
13-Sep-89,-0.651284779,-0.621640594,-0.616514092,-0.527971793,-0.836055128,-0.466985928,-0.055372416,5.5,15,10.5,2.5,7.56,4.34,0.505,1.56,0.000594059,0.014423077
20-Sep-89,-0.648895108,-0.635649415,-0.611717714,-0.559249422,-0.800042596,-0.52264492,-0.312204246,5.5,15,10.5,2.5,7.56,4.34,0.5053,1.5825,0.007124481,0.021169036
27-Sep-89,-0.654817335,-0.856398894,-0.618223693,-0.597335116,-0.915840707,-0.557390944,-0.14982303,5.5,15,10.5,2.5,7.56,4.34,0.5089,1.616,0.000589507,-0.008972772
04-Oct-89,-0.601211068,-0.282781853,-0.56199684,-0.616180627,-0.898368107,-0.49369353,-0.281492429,5.5,15,10.5,3.06,7.31,4.49,0.5092,1.6015,-0.004713276,-0.034342804
11-Oct-89,-0.599969752,-0.757549147,-0.561759395,-0.708237498,-0.702022928,-0.448556375,-0.179217368,5.5,16,10.5,3.06,7.31,4.49,0.5068,1.5465,0.008681926,0.028128031
18-Oct-89,-0.670899762,0.729463555,-0.634084984,-0.75628862,0.106547784,-0.707267212,0.590345548,5.5,16,10.5,3.06,7.31,4.49,0.5112,1.59,0,0.015408805
25-Oct-89,-0.665633738,-0.230432511,-0.630570806,-0.764379363,-1.066305225,-0.657097874,-0.26504309,5.5,16,10.5,3.06,7.31,4.49,0.5112,1.6145,-0.002543036,-0.024156085
01-Nov-89,-0.669669382,-0.464441401,-0.636744362,-0.76615538,-0.938575062,-0.65276279,-0.445805821,5.5,16,10.5,3.29,7.73,4.66,0.5099,1.5755,0.001568935,0.008251349
08-Nov-89,-0.681995051,-0.731102694,-0.651228476,-0.723037638,-1.153903333,-0.683108378,-0.592584101,5.5,16,10.5,3.29,7.73,4.66,0.5107,1.5885,-0.000979048,-0.004406673
15-Nov-89,-0.676953229,-0.828580668,-0.639878629,-0.723432309,-1.044342761,-0.65607401,-0.563394662,5.5,16,10.5,3.29,7.73,4.66,0.5102,1.5815,0,-0.010433133
22-Nov-89,-0.663719814,-0.82735363,-0.633372651,-0.734384412,-0.981803,-0.595186776,-0.540331118,5.5,16,10.5,3.29,7.73,4.66,0.5102,1.565,0.004508036,0.000319489
29-Nov-89,-0.646221084,-1.054442539,-0.625347027,-0.671927822,-0.883319366,-0.489619858,-0.272737321,5.5,16,10.5,3.29,7.73,4.66,0.5125,1.5655,0.005658537,0.006707122
06-Dec-89,-0.619978456,-0.467786407,-0.601840024,-0.575134906,-0.631552047,-0.417295845,-0.376467737,5.5,16,10.5,3.28,7.71,4.65,0.5154,1.576,0.017268141,0.015545685
13-Dec-89,-0.606679421,-0.771570833,-0.581894687,-0.543067936,-0.836708426,-0.371635866,-0.072729437,5.5,16,10.5,3.28,7.71,4.65,0.5243,1.6005,0.001144383,0.006872852
20-Dec-89,-0.646685894,-0.254727224,-0.628956183,-0.568228174,-0.855970314,-0.381220976,-0.205113109,5.5,16,10.5,3.28,7.71,4.65,0.5249,1.6115,0.008001524,0.009618368
27-Dec-89,-0.626742809,-1.280315667,-0.600605312,-0.533595846,-1.146072079,-0.33000599,-0.675384217,5.5,16,10.5,3.28,7.71,4.65,0.5291,1.627,-0.009261009,-0.010141364
03-Jan-90,-0.580081351,-1.006795503,-0.553353861,-0.466600546,-1.146072079,-0.245940216,-0.675384217,5.5,16,10.5,3.96,7.66,5.2,0.5242,1.6105,0.006867608,0.03352996
10-Jan-90,-0.61239385,-0.589731168,-0.607728647,-0.517019689,-0.465641401,-0.142399242,0.489541161,5.5,16,10,3.96,7.66,5.2,0.5278,1.6645,0.003599848,-0.007509763
17-Jan-90,-0.662434751,-0.462768898,-0.654790143,-0.555204051,-0.513011748,-0.221955657,0.492359954,5.5,16,10,3.96,7.66,5.2,0.5297,1.652,0.0067963,-0.000181598
24-Jan-90,-0.692308365,-0.272362481,-0.717617952,-0.649234273,-0.47991617,-0.304191545,0.246661588,5.5,16,10,3.96,7.66,5.2,0.5333,1.6517,0.00656291,0.016528425
31-Jan-90,-0.699942186,-0.351315876,-0.694300904,-0.591316392,-0.762013994,-0.261167471,-0.675384217,5.5,16,10,3.96,7.66,5.2,0.5368,1.679,0.002421759,0.009231686
07-Feb-90,-0.672846496,-0.717007033,-0.67212359,-0.620818005,-0.723627535,-0.12542924,1.109623816,5.5,16,10,3.95,7.51,5.26,0.5381,1.6945,-0.002787586,0.000295072
14-Feb-90,-0.681470089,-0.82668302,-0.680386658,-0.629796756,-0.851805019,-0.152899295,0.560997169,5.5,16,10,3.95,7.51,5.26,0.5366,1.695,0.001863586,0.010619469
21-Feb-90,-0.703759096,-0.8724308,-0.700996839,-0.66788245,-0.95702761,-0.197077939,0.814519983,5.5,16,10,3.95,7.51,5.26,0.5376,1.713,-0.003162202,-0.019556334
28-Feb-90,-0.679867861,-0.489072223,-0.680956524,-0.672125157,-1.069215938,-0.18479157,0.570805495,5.5,16,10,3.95,7.51,5.26,0.5359,1.6795,-0.003918642,-0.021137243
07-Mar-90,-0.656714853,-0.413397898,-0.656927143,-0.696890724,-1.062570607,-0.143749871,-0.106614311,5.5,16,10,3.73,8.1,5.23,0.5338,1.644,-0.000374672,-0.020681265
14-Mar-90,-0.646735109,-0.58230622,-0.657307054,-0.701034764,-1.111391109,-0.152659667,-0.176965398,5.5,16,10,3.73,8.1,5.23,0.5336,1.61,-0.002436282,-0.00931677
21-Mar-90,-0.624812481,-0.419245226,-0.643677741,-0.677157204,-1.083863129,-0.136582823,-0.265711404,5.5,16,10,3.73,8.1,5.23,0.5323,1.595,-0.003569416,0.020062696
28-Mar-90,-0.61604671,-0.789493953,-0.632945251,-0.652786307,-1.109543566,-0.064890556,-0.048042023,5.5,16,10,3.73,8.1,5.23,0.5304,1.627,0.003393665,0.008604794
04-Apr-90,-0.629493391,-0.770105784,-0.63726674,-0.695608046,-0.813736887,-0.200149531,-0.189027608,5.5,16,10,3.71,9.45,4.71,0.5322,1.641,0.001315295,0.000914077
11-Apr-90,-0.623828177,-1.101303176,-0.633325162,-0.711493529,-1.326848375,-0.245460961,-0.37073249,5.5,16,10,3.71,9.45,4.71,0.5329,1.6425,0,-0.00152207
18-Apr-90,-0.622105646,-1.083360758,-0.639023829,-0.720965619,-1.146072079,-0.219537595,-0.591659185,5.5,16,10,3.71,9.45,4.71,0.5329,1.64,0,-0.00152439
25-Apr-90,-0.658437385,-0.711851221,-0.68029168,-0.782928872,-1.000713273,-0.363902425,-0.566929642,5.5,16,10,3.71,9.45,4.71,0.5329,1.6375,0.001876525,0.003053435
02-May-90,-0.645750805,-0.892843376,-0.6686569,-0.78835559,-0.919090553,-0.384946098,-0.585023916,5.5,16,10,3.13,9.74,4.36,0.5339,1.6425,0.003558719,0.022526636
09-May-90,-0.622105646,-0.859710128,-0.628861205,-0.763590022,-1.146072079,-0.258117663,-0.331181307,5.5,16,10,3.13,9.74,4.36,0.5358,1.6795,0.007278835,0
16-May-90,-0.57464034,-0.21747383,-0.575958575,-0.705968144,-0.731410936,-0.240799112,-0.327899099,5.5,16,10,3.13,9.74,4.36,0.5397,1.6795,0.000185288,0.008335814
23-May-90,-0.554637103,-0.421665531,-0.550836949,-0.640551525,-0.258851777,-0.134927213,-0.18042761,5.5,16,10,3.13,9.74,4.36,0.5398,1.6935,0.002778807,0.001476233
30-May-90,-0.542442676,-0.846730541,-0.543381193,-0.582534976,-1.146072079,-0.168714727,-0.315591776,5.5,16,10,3.13,9.74,4.36,0.5413,1.696,-0.000369481,-0.00442217
06-Jun-90,-0.524347895,-0.41562683,-0.523910745,-0.570398861,-0.293470329,-0.182896333,-0.512340431,5.5,16,10,2.89,9.79,4.67,0.5411,1.6885,0.000369617,0.01379923
13-Jun-90,-0.514340808,-0.574702765,-0.524195679,-0.524123757,-0.55335186,-0.217402729,-0.426913017,5.5,16,10,2.89,9.79,4.67,0.5413,1.7118,0.003140587,0.00595864
20-Jun-90,-0.533288652,-0.525444337,-0.551739238,-0.557868076,-0.827343795,-0.215747119,-0.5760371,7,16,10,2.89,9.79,4.67,0.543,1.722,-0.001289134,0.012775842
27-Jun-90,-0.551421712,-0.805186533,-0.570544841,-0.555598721,-0.912374483,-0.221411048,-0.462530912,7,16,10,2.89,9.79,4.67,0.5423,1.744,0.006638392,0.018348624
04-Jul-90,-0.524353363,-1.214835569,-0.546705415,-0.573358889,-0.894833223,-0.232303219,-0.478585774,7,16,10,2.66,9.78,4.82,0.5459,1.776,0.00934237,0.013795045
11-Jul-90,-0.512847948,-0.876924043,-0.541624103,-0.568425509,-0.955956118,-0.242258663,-0.550683286,7,16,10,2.66,9.78,4.82,0.551,1.8005,-0.000362976,0.008331019
18-Jul-90,-0.486053017,-0.307597615,-0.527424923,-0.527478455,-0.378455245,-0.150241605,-0.068058897,7,16,10,2.66,9.78,4.82,0.5508,1.8155,-0.002360203,-0.003580281
25-Jul-90,-0.513799441,-0.155153798,-0.561284506,-0.56428147,-0.765274242,-0.160436677,-0.344896112,7,16,10,2.66,9.78,4.82,0.5495,1.809,0.00855323,0.026257601
01-Aug-90,-0.531123184,-0.506781456,-0.568740263,-0.589639043,-1.077011822,-0.168017628,-0.362835275,7,16,10,2.77,10.62,5.62,0.5542,1.8565,-0.001082642,0.007271748
08-Aug-90,-0.621001038,1.016576021,-0.650278698,-0.689786657,-0.066809211,-0.564579777,0.09238823,6,16,10,2.77,10.62,5.62,0.5536,1.87,0.006322254,0.016042781
15-Aug-90,-0.613684382,-0.689172724,-0.642158096,-0.68801064,-0.507802009,-0.690754681,-0.130127866,6,16,10,2.77,10.62,5.62,0.5571,1.9,0.005026028,0.013947368
22-Aug-90,-0.716555043,-0.036877286,-0.753804491,-0.820718562,-0.703841344,-0.986542467,-0.33852702,6,16,10,2.77,10.62,5.62,0.5599,1.9265,0.013038043,0.009602907
29-Aug-90,-0.677029786,-0.47979144,-0.717522974,-0.800097034,-1.146072079,-0.915656221,-0.02639362,6,16,10,2.77,10.62,5.62,0.5672,1.945,0.009167842,-0.020308483
05-Sep-90,-0.679337431,-1.452596334,-0.716573197,-0.77395012,-1.102284468,-0.820959689,-0.481147964,6,16,10,3.65,10.89,6.16,0.5724,1.9055,-0.012928022,-0.023878247
12-Sep-90,-0.680693582,-0.939314835,-0.725358642,-0.783718212,-1.02217432,-0.841197342,-0.584612204,6,16,10,3.65,10.89,6.16,0.565,1.86,0.00300885,0.013172043
19-Sep-90,-0.718042435,-0.707308124,-0.753567047,-0.859198926,-0.983896051,-1.007324729,-0.581052329,6,16,10,3.65,10.89,6.16,0.5667,1.8845,0,-0.007429026
26-Sep-90,-0.771511993,-0.248585601,-0.808369233,-0.924122207,-0.50465203,-1.155981074,-0.620436912,6,16,10,3.65,10.89,6.16,0.5667,1.8705,0.005470266,0.016573109
03-Oct-90,-0.755270984,-0.25187432,-0.778261273,-0.838281395,-0.710212039,-1.123239209,-0.546550845,6,16,10,3.85,10.89,6.29,0.5698,1.9015,0.013864514,0.03444649
10-Oct-90,-0.799805253,-0.65054434,-0.830546547,-0.80394507,0.634722577,-1.186696995,-0.767017954,7.5,15,10,3.85,10.89,6.29,0.5777,1.967,0.008481911,-0.003304525
17-Oct-90,-0.810763833,-0.385277335,-0.838287237,-0.857028239,-0.837463672,-1.168267443,-0.675384217,7.5,15,10,3.85,10.89,6.29,0.5826,1.9605,0.005320975,-0.001530222
24-Oct-90,-0.747145011,-0.214197976,-0.772562605,-0.815094509,-0.921662134,-0.923389662,-0.42937946,7.5,15,10,3.85,10.89,6.29,0.5857,1.9575,0.001365887,-0.005363985
31-Oct-90,-0.780983181,-0.696387002,-0.813403056,-0.874492404,-0.94407192,-1.047691113,-0.627497298,7.5,15,10,3.85,10.89,6.29,0.5865,1.947,0.002046036,0.010272214
07-Nov-90,-0.781803434,-1.362721816,-0.803857788,-0.865710988,-0.922223887,-1.146766298,-0.726137802,7.5,15,10,3.51,9.7,6.27,0.5877,1.967,-0.006465884,-0.00305033
14-Nov-90,-0.716833929,-0.598675843,-0.735521266,-0.878735111,-0.853997937,-1.132933241,-0.712066819,7.5,15,10,3.51,9.7,6.27,0.5839,1.961,0.001198835,0.004589495
21-Nov-90,-0.727929218,-0.587846386,-0.756273914,-0.799505028,-0.604723137,-1.106443482,-0.639226309,7.5,15,10,3.51,9.7,6.27,0.5846,1.97,0.0047896,0.000507614
28-Nov-90,-0.730236863,-1.244374544,-0.747156046,-0.78174486,-0.452465171,-1.130754807,-0.72765252,7.5,15,10,3.51,9.7,6.27,0.5874,1.971,-0.009363296,-0.02283105
05-Dec-90,-0.689082036,-0.309345702,-0.690311837,-0.77355545,-0.462491423,-1.11245596,-0.622727181,6.5,15,10,3.72,9.34,6.11,0.5819,1.926,0.002921464,0.011941848
12-Dec-90,-0.682585633,-0.466467703,-0.689029637,-0.769312743,-0.5836678,-0.980726048,-0.423199947,6.5,15,10,3.72,9.34,6.11,0.5836,1.949,-0.007882111,-0.008722422
19-Dec-90,-0.680146747,-0.772918484,-0.688982148,-0.747803206,-0.388240151,-1.004797745,-0.563536368,6.5,15,10,3.72,9.34,6.11,0.579,1.932,-0.013644214,-0.025621118
26-Dec-90,-0.674470596,-1.034919283,-0.68589537,-0.769904748,-1.146072079,-1.008501084,-0.675384217,6.5,15,9.75,3.72,9.34,6.11,0.5711,1.8825,0.007529329,0.032403718
02-Jan-91,-0.688950796,-1.44795353,-0.706790484,-0.797531676,-1.146072079,-1.048714978,-0.675384217,6.5,15,9.75,3.27,8.95,5.65,0.5754,1.9435,-0.012513034,-0.023668639
09-Jan-91,-0.765693665,-0.879973145,-0.777833872,-0.796939671,-1.147644987,-1.018630802,-0.740507516,6.5,15,9.5,3.27,8.95,5.65,0.5682,1.8975,-0.003695882,0.004479578
16-Jan-91,-0.744574885,-1.017171454,-0.755609069,-0.870052362,-1.213669697,-1.058300088,-0.675384217,6.5,15,9.5,3.27,8.95,5.65,0.5661,1.906,0.020491079,0.027806925
23-Jan-91,-0.684346442,0.096036843,-0.688934659,-0.844694789,-0.765270081,-0.946807829,-0.449518891,6.5,15,9.5,3.27,8.95,5.65,0.5777,1.959,0.000519301,0.000765697
30-Jan-91,-0.632922048,-0.306853029,-0.63812154,-0.77355545,-0.419517313,-0.841850873,-0.305716428,6.5,15,9.5,3.27,8.95,5.65,0.578,1.9605,0.013321799,0.022188217
06-Feb-91,-0.568482974,0.243556426,-0.556630595,-0.731917722,-0.110247286,-0.759658553,-0.675384217,6.5,15,9,3.91,8.9,5.31,0.5857,2.004,-0.001536623,-0.010978044
13-Feb-91,-0.525709515,0.161738869,-0.504630253,-0.659890374,-0.213653541,-0.678882215,-0.092843973,6.5,14.5,9,3.91,8.9,5.31,0.5848,1.982,-0.00752394,-0.016902119
20-Feb-91,-0.531254425,-0.279621787,-0.523055945,-0.63127677,-0.14501564,-0.517351325,0.617283018,6.5,14.5,9,3.91,8.9,5.31,0.5804,1.9485,-0.001550655,-0.015653066
27-Feb-91,-0.536668095,-0.240567236,-0.510708832,-0.580758959,-0.434620149,-0.417252276,0.328347208,6.5,14,8.875,3.91,8.9,5.31,0.5795,1.918,-0.009145815,-0.012513034
06-Mar-91,-0.490646434,0.015304806,-0.470675693,-0.470349915,0.304963127,-0.273867742,-0.675384217,6.5,14,8.875,3.82,8.24,4.9,0.5742,1.894,-0.00261233,-0.016631468
13-Mar-91,-0.500533216,-0.816254,-0.478273916,-0.481894024,-0.248871297,-0.326106592,1.031132316,6.5,14,8.875,3.82,8.24,4.9,0.5727,1.8625,-0.013445085,-0.040268456
20-Mar-91,-0.546008042,-0.036365886,-0.509854032,-0.488800756,-0.379514254,-0.381656663,0.258448047,6.5,14,8.875,3.82,8.24,4.9,0.565,1.7875,-0.011150442,-0.027412587
27-Mar-91,-0.521105161,-0.399270073,-0.474569782,-0.465712537,-0.573042345,-0.353750922,-0.212075833,6.5,13.5,8.875,3.82,8.24,4.9,0.5587,1.7385,0.012887059,0.019557089
03-Apr-91,-0.51609615,-0.930455394,-0.457521268,-0.411938695,-1.146072079,-0.319832702,-0.240453338,6.5,13.5,8.875,3.8,6.39,4.89,0.5659,1.7725,0.006008129,0.000564175
10-Apr-91,-0.544662827,-0.691483673,-0.485017339,-0.412234698,-0.40030952,-0.380632799,-0.675384217,6.5,13.5,8.875,3.8,6.39,4.89,0.5693,1.7735,0.001756543,0.007893995
17-Apr-91,-0.473596108,-0.102542324,-0.402861549,-0.386383787,-0.664125402,-0.264391554,-0.441089322,6.5,13,8.875,3.8,6.39,4.89,0.5703,1.7875,-0.012624934,-0.04979021
24-Apr-91,-0.503639241,-0.398451512,-0.43938051,-0.442032313,-0.905770764,-0.213960803,-0.178051169,6.5,13,9,3.8,6.39,4.89,0.5631,1.6985,0.011543243,0.014130115
01-May-91,-0.5142041,-0.55268362,-0.451110267,-0.422496129,-0.903392676,-0.176339246,-0.246431782,6.5,13,8.75,3.9,5.78,4.95,0.5696,1.7225,-0.008602528,-0.001161103
08-May-91,-0.513821315,-0.774960867,-0.459563291,-0.407695989,-1.146072079,-0.243413233,-0.489458806,6.5,13,8.5,3.9,5.78,4.95,0.5647,1.7205,0.003895874,0.019180471
15-May-91,-0.549649965,-0.481589381,-0.506767254,-0.470843253,-0.781827233,-0.264652966,-0.636503264,6.5,13,8.5,3.9,5.78,4.95,0.5669,1.7535,-0.004762745,-0.0142572
22-May-91,-0.525064249,-0.831703745,-0.470580715,-0.464429859,-0.88153424,-0.239317777,-0.573863642,6.5,13,8.5,3.9,5.78,4.95,0.5642,1.7285,0.004253811,-0.000289268
29-May-91,-0.492658788,-0.926957611,-0.439238043,-0.437789607,-1.146072079,-0.185815435,-0.36703474,6.5,12.5,8.5,3.9,5.78,4.95,0.5666,1.728,-0.003353336,-0.02025463
05-Jun-91,-0.473103957,-0.283111529,-0.428315597,-0.409570673,-0.892788026,-0.167364097,-0.470474085,6.5,12.5,8.5,3.89,5.84,4.7,0.5647,1.693,-0.009031344,-0.028647372
12-Jun-91,-0.496825673,-0.81009951,-0.468396226,-0.410853352,-0.85441405,-0.202698299,-0.648732074,6.5,12.5,8.5,3.89,5.84,4.7,0.5596,1.6445,0,-0.005776832
19-Jun-91,-0.500369166,-0.655370475,-0.475804493,-0.44588035,-1.059220894,-0.26286665,-0.678007686,6.5,12.5,8.5,3.89,5.84,4.7,0.5596,1.635,0.011079342,0.001834862
26-Jun-91,-0.52359873,-0.401788477,-0.492425607,-0.492648792,-1.042393269,-0.288201839,-0.647763114,6.5,12.5,8.5,3.89,5.84,4.7,0.5658,1.638,-0.00194415,-0.019230769
03-Jul-91,-0.511743341,-0.643143514,-0.484162539,-0.481894024,-0.722449934,-0.322751804,-0.626053433,7,12.5,8.5,4,5.52,4.45,0.5647,1.6065,0.009385514,0.009959539
10-Jul-91,-0.506242177,-1.212293043,-0.472717715,-0.422496129,-0.941883163,-0.345756068,-0.50240189,7,12.5,8.5,4,5.52,4.45,0.57,1.6225,0.001403509,0.016949153
17-Jul-91,-0.487649776,-0.83555211,-0.446883756,-0.370596971,-0.4231375,-0.391895303,-0.667575089,7,12,8.5,4,5.52,4.45,0.5708,1.65,0.003328662,0.025636364
24-Jul-91,-0.494496154,-0.619767069,-0.458945935,-0.351356789,-0.566436545,-0.290946666,-0.407508924,7,12,8.5,4,5.52,4.45,0.5727,1.6923,0.001571503,-0.003427288
31-Jul-91,-0.462462541,-0.853291898,-0.415398618,-0.343167378,-0.493708248,-0.33116056,-0.561629087,7,12,8.5,4,5.52,4.45,0.5736,1.6865,0.010111576,0.015416543
07-Aug-91,-0.461478238,-0.705146736,-0.402339171,-0.334681965,-0.771647019,-0.368891039,-0.639858239,7,12,8.5,3.66,4.68,3.8,0.5794,1.7125,0.00293407,-0.015766423
14-Aug-91,-0.47309302,-0.617813136,-0.405473438,-0.323433858,-0.745182208,-0.437468145,-0.592371543,7,12,8.5,3.66,4.68,3.8,0.5811,1.6855,-0.002065049,0.003559775
21-Aug-91,-0.475061627,-0.018222445,-0.402196704,-0.330241923,-0.244891173,-0.630520978,-0.231857169,7,12,8.5,3.66,4.68,3.8,0.5799,1.6915,0.002586653,-0.001773574
28-Aug-91,-0.445827811,-0.851690155,-0.373465922,-0.308239048,-1.146072079,-0.53303605,-0.47226647,7,12,8.5,3.66,4.68,3.8,0.5814,1.6885,0.00120399,0.003849571
04-Sep-91,-0.471386894,-1.222699549,-0.405141016,-0.268377337,-0.839098997,-0.454133166,-0.533776276,7,12,8.5,3.1,4.1,3.39,0.5821,1.695,0.008761381,0.019469027
11-Sep-91,-0.48308917,-0.560407689,-0.428315597,-0.305871025,-0.963238102,-0.472628072,-0.673861839,7,11.5,8.5,3.1,4.1,3.39,0.5872,1.728,0.00613079,0.001446759
18-Sep-91,-0.466257578,-0.73225254,-0.419530152,-0.348298093,-0.188374654,-0.54362324,-0.609868355,7,11.5,8,3.1,4.1,3.39,0.5908,1.7305,-0.000169262,0.002600405
25-Sep-91,-0.464540515,-0.443255292,-0.419815085,-0.334287294,-0.453761364,-0.560789301,-0.771347634,7,11.5,8,3.1,4.1,3.39,0.5907,1.735,0.004062976,0.008357349
02-Oct-91,-0.469188616,-0.900435575,-0.413261617,-0.288505528,-0.515780983,-0.605272926,-0.626340674,7,11.5,8,2.33,3.68,2.92,0.5931,1.7495,-0.007081437,-0.016861961
09-Oct-91,-0.505378177,-0.363784064,-0.467683892,-0.347804755,-1.070605756,-0.644593662,-0.686109799,7,11.5,8,2.33,3.68,2.92,0.5889,1.72,0.001867889,-0.006976744
16-Oct-91,-0.442284318,-0.551794299,-0.391701658,-0.352836803,-0.742442101,-0.57653938,-0.582706838,7.25,11.5,8,2.33,3.68,2.92,0.59,1.708,-0.001864407,-0.004976581
23-Oct-91,-0.453658492,-0.489930989,-0.414781262,-0.370498303,-0.724153918,-0.458141485,-0.675384217,7.25,11.5,8,2.33,3.68,2.92,0.5889,1.6995,0.003056546,0.025301559
30-Oct-91,-0.436783154,-0.622422168,-0.390941836,-0.354711487,-0.580361779,-0.506241311,-0.411020925,7.25,11.5,8,2.33,3.68,2.92,0.5907,1.7425,0.008295243,0.017216643
06-Nov-91,-0.455003707,-0.86015881,-0.405141016,-0.397039888,-0.760012489,-0.416293765,-0.520802554,7.25,11.5,7.5,2.55,4.31,2.99,0.5956,1.7725,0.000335796,0.000282087
13-Nov-91,-0.440326647,-0.749350666,-0.369809277,-0.384903773,-0.434555651,-0.353946981,0.161080978,7.25,11.5,7.5,2.55,4.31,2.99,0.5958,1.773,0.008895603,0.013254371
20-Nov-91,-0.514313467,-0.118373207,-0.459468313,-0.457819129,-0.198627687,-0.417687963,-0.273876711,7.25,11.5,7.5,2.55,4.31,2.99,0.6011,1.7965,-0.002661787,-0.015585861
27-Nov-91,-0.530718526,-0.538756817,-0.468871115,-0.482584697,-0.450197353,-0.388823711,-0.678522805,7.25,11.5,7.5,2.55,4.31,2.99,0.5995,1.7685,0.004003336,0.007068137
04-Dec-91,-0.524320553,-1.108424179,-0.452155023,-0.505968918,-0.539755355,-0.427948388,-0.755616398,7.25,11.5,7.5,2.96,4.46,3.06,0.6019,1.781,0.004818076,0.014037058
11-Dec-91,-0.549639029,-0.534265182,-0.463409892,-0.548987992,-0.381904825,-0.462171588,-0.748343453,7.25,11.5,7.5,2.96,4.46,3.06,0.6048,1.806,0.004133598,0.013842746
18-Dec-91,-0.52628916,-0.619365025,-0.43596131,-0.516033013,-0.257464039,-0.428514781,-0.664896088,7.25,11.5,7.5,2.96,4.46,3.06,0.6073,1.831,0.010867775,0.02266521
25-Dec-91,-0.448146392,-0.348774959,-0.360691409,-0.544843953,-1.146072079,-0.412721133,-0.675384217,6.5,11.5,6.5,2.96,4.46,3.06,0.6139,1.8725,0.005212575,-0.001602136
01-Jan-92,-0.383729191,-0.700466944,-0.27635113,-0.437592271,-1.146072079,-0.31410342,-0.675384217,6.5,11.5,6.5,2.85,4.15,2.6,0.6171,1.8695,-0.000324097,0.005616475
08-Jan-92,-0.364535271,-0.075428478,-0.271554751,-0.463245847,-0.375180433,-0.305716449,-0.516666282,6.5,11.5,6.5,2.85,4.15,2.6,0.6169,1.88,-0.017020587,-0.070212766
15-Jan-92,-0.334678063,-0.112923099,-0.258875216,-0.394178527,-0.15188151,-0.273584546,-0.486519372,6.5,11.5,6.5,2.85,4.15,2.6,0.6064,1.748,0.010389182,0.032608696
22-Jan-92,-0.336154518,0.13064318,-0.271412285,-0.409077335,-0.0174436,-0.203874653,-0.204714802,5.75,11.5,6.5,2.85,4.15,2.6,0.6127,1.805,-0.00326424,-0.00498615
29-Jan-92,-0.352997046,-0.199327173,-0.308406135,-0.384903773,-0.48549209,-0.222325991,-0.571100383,5.75,11.5,6.5,2.85,4.15,2.6,0.6107,1.796,0.001473719,0.011135857
05-Feb-92,-0.335170214,-0.334655174,-0.291785021,-0.384311767,-0.238888737,-0.237270049,-0.719569556,5.75,11.5,6.5,1.78,4.13,2.82,0.6116,1.816,0.001308044,-0.015693833
12-Feb-92,-0.324670976,-0.329211499,-0.276161174,-0.407399986,-0.590340178,-0.247879023,-0.475422292,5.75,11.5,6.5,1.78,4.13,2.82,0.6124,1.7875,-0.006368387,-0.018741259
19-Feb-92,-0.350098819,-0.729021715,-0.318283825,-0.394573198,-0.129511255,-0.269401952,-0.4595302,5.75,11.5,6.5,1.78,4.13,2.82,0.6085,1.754,-0.000986031,0.000627138
26-Feb-92,-0.321116546,-0.337585271,-0.284614198,-0.366650267,-0.179055795,-0.327783987,-0.353827395,5.75,11.5,6.5,1.78,4.13,2.82,0.6079,1.7551,-0.001809508,-0.017548858
04-Mar-92,-0.329155026,-0.60254833,-0.313202513,-0.373162329,-0.079600536,-0.381155623,-0.553408247,5.75,11.5,6.5,2.1,4.03,3.19,0.6068,1.7243,-0.018127884,-0.005973438
11-Mar-92,-0.361965145,-0.676910383,-0.338371628,-0.408682665,-0.379335325,-0.407841441,-0.678631956,5.75,11.5,6.5,2.1,4.03,3.19,0.5958,1.714,0.016616314,0.007701284
18-Mar-92,-0.336974771,-0.776660709,-0.314057313,-0.46561387,-0.367099511,-0.420541712,-0.66031172,5.75,11.5,6.5,2.1,4.03,3.19,0.6057,1.7272,-0.002971768,0.002373784
25-Mar-92,-0.334185911,-0.463955732,-0.321798003,-0.465416535,-0.357200174,-0.403506357,-0.692655066,5.75,11.5,6.5,2.1,4.03,3.19,0.6039,1.7313,-0.002483855,-0.003061283
01-Apr-92,-0.339708948,-0.865732747,-0.33742185,-0.520966393,-0.26752566,-0.525171903,-0.667971482,5.75,11.5,6.5,2.19,4.28,3.18,0.6024,1.726,0.006142098,0.013325608
08-Apr-92,-0.376839066,-0.341031592,-0.383628546,-0.536161204,-0.15268877,-0.589305004,-0.675384217,5.5,11.5,6.5,2.19,4.28,3.18,0.6061,1.749,-0.002804818,0.003430532
15-Apr-92,-0.282564656,-0.415030197,-0.28019773,-0.292452232,1.146032294,-0.524060902,-0.67191626,5.5,11.5,6.5,2.19,4.28,3.18,0.6044,1.755,-0.001819987,0.004273504
22-Apr-92,-0.290767186,-0.728876979,-0.310923046,-0.324420534,-1.146072079,-0.50493425,-0.675384217,5.5,11.5,6.5,2.19,4.28,3.18,0.6033,1.7625,0.002154815,0.005673759
29-Apr-92,-0.293829464,-0.416795974,-0.300428,-0.268081335,-0.110908907,-0.431172471,-0.654637751,5.5,11.5,6.5,2.19,4.28,3.18,0.6046,1.7725,0.002150182,0.01393512
06-May-92,-0.274034025,-0.589433656,-0.277775797,-0.234731686,-1.146072079,-0.352095312,-0.675384217,5.5,11,6.5,2.4,4.34,3.02,0.6059,1.7972,0.014358805,0.015468507
13-May-92,-0.261675547,-0.815377544,-0.279390419,-0.213222149,0.320005625,-0.377670128,-0.649589968,5.5,11,6.5,2.4,4.34,3.02,0.6146,1.825,-0.00130166,0.003287671
20-May-92,-0.260691243,-0.431888705,-0.284424242,-0.221707563,-0.055555424,-0.352944901,-0.675384217,5.5,11,6.5,2.4,4.34,3.02,0.6138,1.831,-0.00325839,-0.020207537
27-May-92,-0.273432506,-0.779616536,-0.299715667,-0.234830353,-1.146072079,-0.279597024,-0.550853716,5.5,11,6.5,2.4,4.34,3.02,0.6118,1.794,0.003432494,0.014214047
03-Jun-92,-0.253473017,-0.45437422,-0.288223354,-0.252294519,-0.378012084,-0.263955867,-0.428167303,5.5,11,6.5,2.18,3.88,3.09,0.6139,1.8195,0.001466037,0.007419621
10-Jun-92,-0.288361111,-0.496865443,-0.323080204,-0.296497603,-0.520919983,-0.26898805,-0.67593572,5.5,11,6.5,2.18,3.88,3.09,0.6148,1.833,0.002439818,0.012547736
17-Jun-92,-0.318655788,-0.393372892,-0.346777163,-0.333695289,-0.414937986,-0.255852092,-0.675384217,5.5,11,6.5,2.18,3.88,3.09,0.6163,1.856,0.001947104,0.013200431
24-Jun-92,-0.317069965,-0.16473531,-0.339321406,-0.398618569,-0.347182244,-0.318438504,-0.506486458,5.5,11,6.5,2.18,3.88,3.09,0.6175,1.8805,0.001133603,0.013560223
01-Jul-92,-0.282400606,-0.600467351,-0.296343955,-0.436802931,0.003420325,-0.312992419,-0.589855311,5.5,11,6.5,2.49,3.74,3.16,0.6182,1.906,0.001941119,0.012854145
08-Jul-92,-0.31565913,-0.565843324,-0.308691068,-0.457819129,-0.623974622,-0.351528919,-0.727275277,5.5,11,6,2.49,3.74,3.16,0.6194,1.9305,0.002098805,-0.004403004
15-Jul-92,-0.287158073,-0.664199361,-0.276303641,-0.444203001,-0.307501672,-0.334907466,-0.492999531,5.5,11,6,2.49,3.74,3.16,0.6207,1.922,-0.001127759,-0.008064516
22-Jul-92,-0.324233508,-0.558709455,-0.30560429,-0.541390587,-0.314303046,-0.431303177,-0.615337425,5.25,11,6,2.49,3.74,3.16,0.62,1.9065,-0.000806452,0.00760556
29-Jul-92,-0.268675039,-0.593198396,-0.251941837,-0.506560924,0.280399954,-0.44722753,-0.61212224,5.25,11,6,2.49,3.74,3.16,0.6195,1.921,0.001937046,-0.007287871
05-Aug-92,-0.276385417,-0.781525441,-0.252131793,-0.536555874,-0.356238952,-0.420127809,-0.683731443,5.25,11,6,2.28,3.58,3.15,0.6207,1.907,0.000966651,0.012060829
12-Aug-92,-0.300610222,-0.649289962,-0.273074396,-0.625060711,0.009580884,-0.585253116,-0.675384217,5.25,11,6,2.28,3.58,3.15,0.6213,1.93,-0.000321906,0.003367876
19-Aug-92,-0.308123739,-0.919643628,-0.27117484,-0.565465481,-0.465938922,-0.703149972,-0.44148763,5.25,11,6,2.28,3.58,3.15,0.6211,1.9365,0.006279182,0.025974697
26-Aug-92,-0.341076036,-0.62248167,-0.293352155,-0.642919547,-0.23445713,-0.57588585,-0.578271835,5.25,11,6,2.28,3.58,3.15,0.625,1.9868,0.00416,0.007902154
02-Sep-92,-0.317277763,-0.844887571,-0.272124618,-0.615292619,-1.146072079,-0.58762761,-0.695207682,5.25,11,6,2.18,3.57,2.99,0.6276,2.0025,0.000159337,-0.014731586
09-Sep-92,-0.327623887,-1.00521145,-0.279817819,-0.600985817,-0.260243676,-0.580220934,-0.678677915,5.25,11,6,2.18,3.57,2.99,0.6277,1.973,-0.006213159,-0.095032945
16-Sep-92,-0.301474222,-0.262483457,-0.262911772,-0.550862676,0.538879182,-0.581898328,-0.704615785,5.25,11,6,2.18,3.57,2.99,0.6238,1.7855,0.000320616,-0.040604873
23-Sep-92,-0.323631989,-0.446455562,-0.274689019,-0.351356789,3.2240713,-0.664047079,-0.697561144,5,10,6,2.18,3.57,2.99,0.624,1.713,0.007211538,0.03765324
30-Sep-92,-0.327459836,-0.414205203,-0.272979418,-0.378490379,0.521163155,-0.618496021,-0.539996003,5,10,6,2.18,3.57,2.99,0.6285,1.7775,-0.00159109,-0.036849508
07-Oct-92,-0.392773847,-0.239499407,-0.337326872,-0.413912047,0.34149372,-0.6605398,-0.740417514,5,10,6,2.49,3.55,3.2,0.6275,1.712,-0.010517928,-0.002920561
14-Oct-92,-0.369128688,-0.61981049,-0.313012558,-0.35707951,-0.171740521,-0.655790814,-0.669589607,5,10,6,2.49,3.55,3.2,0.6209,1.707,-0.003382187,-0.058289397
21-Oct-92,-0.373722105,0.270293958,-0.283094553,-0.287025514,0.578014645,-0.658274229,-0.532606247,5,9,6,2.49,3.55,3.2,0.6188,1.6075,-0.002424047,-0.022083981
28-Oct-92,-0.338560593,-0.207530478,-0.261914505,-0.282388137,0.207638369,-0.529376281,-0.675384217,5,9,6,2.49,3.55,3.2,0.6173,1.572,-0.004697878,-0.0206743
04-Nov-92,-0.354068843,-0.409454651,-0.276256152,-0.241638418,0.220512916,-0.4649382,0.304690032,5,9,6,2.48,3.02,3.05,0.6144,1.5395,-0.005371094,-0.016239039
11-Nov-92,-0.344630465,-0.302551159,-0.252084304,-0.23660637,0.367792086,-0.420498143,1.391866908,5,9,6,2.48,3.02,3.05,0.6111,1.5145,0.001309115,0.007263123
18-Nov-92,-0.362621348,-0.52209129,-0.248997526,-0.229502303,0.158468331,-0.461735901,0.126979716,5,8,6,2.48,3.02,3.05,0.6119,1.5255,0.001307403,0.002949853
25-Nov-92,-0.330412747,-0.042721397,-0.218889566,-0.223976917,-0.031826559,-0.468576185,0.147839164,5,8,6,2.48,3.02,3.05,0.6127,1.53,-0.001142484,0.014379085
02-Dec-92,-0.319497914,-0.72200846,-0.215565343,-0.170203075,0.259698313,-0.381220976,0.311562754,5,8,6,1.74,2.58,2.9,0.612,1.552,-0.002777778,0.010631443
09-Dec-92,-0.298969716,-0.287366762,-0.188211739,-0.183424534,0.436652608,-0.409867385,-0.361360771,5,8,6,1.74,2.58,2.9,0.6103,1.5685,0.000491562,0.003825311
16-Dec-92,-0.336482619,-0.365294141,-0.207824653,-0.201086034,0.170606358,-0.388344456,-0.355208067,5,8,6,1.74,2.58,2.9,0.6106,1.5745,0.001146413,-0.030676405
23-Dec-92,-0.30456931,0.28530628,-0.172160492,-0.107746485,0.890264044,-0.324211355,-0.250173576,5,8,6,1.74,2.58,2.9,0.6113,1.5262,-0.002453787,-0.009304154
30-Dec-92,-0.300446171,-1.100508737,-0.173157759,-0.102714437,-1.146072079,-0.266700694,-0.675384217,5,8,6,1.74,2.58,2.9,0.6098,1.512,-0.012135126,0.018849206
06-Jan-93,-0.309162726,-0.556181403,-0.193577984,-0.109127831,-1.146072079,-0.167015548,-0.675384217,5,8,6,2.56,1.7,3.26,0.6024,1.5405,0.000996016,0.004543979
13-Jan-93,-0.331911076,0.272259149,-0.20065383,-0.188752584,0.226405082,-0.222086363,-0.300415872,5,8,6,2.56,1.7,3.26,0.603,1.5475,0.0013267,-0.002907916
20-Jan-93,-0.343728187,0.436280224,-0.199039207,-0.185397886,-0.040866622,-0.123577571,-0.372239548,5,8,6,2.56,1.7,3.26,0.6038,1.543,0.012255714,-0.019766688
27-Jan-93,-0.316692649,0.63764636,-0.17652947,-0.102714437,0.756138219,-0.069312777,-0.675384217,5,7,6,2.56,1.7,3.26,0.6112,1.5125,-0.007198953,-0.050909091
03-Feb-93,-0.271633418,0.109145085,-0.133362064,-0.061964718,0.824765718,0.005886769,-0.066787376,5,7,6,2.26,1.83,3.25,0.6068,1.4355,0.000329598,-0.006617903
10-Feb-93,-0.250509169,0.338313366,-0.137968487,-0.118599921,0.452548139,-0.019579126,-0.097870692,5,7,6,2.26,1.83,3.25,0.607,1.426,0.002965404,0.01430575
17-Feb-93,-0.305318474,-0.181687092,-0.199371629,-0.120967943,0.2765301,-0.039925701,0.038421374,5,7,6,2.26,1.83,3.25,0.6088,1.4464,0.001478318,-0.011684181
24-Feb-93,-0.281088201,0.465807942,-0.163422535,-0.118007915,-0.064868042,0.093133056,0.356291936,5,7,6,2.26,1.83,3.25,0.6097,1.4295,-0.001476136,0.014340679
03-Mar-93,-0.255091649,-0.228473753,-0.123579351,-0.017761633,0.158308127,0.037386926,0.593093488,5,7,6,2.57,1.9,3.09,0.6088,1.45,-0.004270696,-0.010827586
10-Mar-93,-0.214461785,0.07870714,-0.090004702,0.019830722,0.385331265,0.072045813,0.745980429,5,7,6,2.57,1.9,3.09,0.6062,1.4343,0.002474431,0.012340515
17-Mar-93,-0.242678488,-0.485871953,-0.128090796,-0.046079235,0.138632206,0.060434759,0.139131929,5,7,6,2.57,1.9,3.09,0.6077,1.452,0.001316439,0.016528926
24-Mar-93,-0.232485477,0.155039209,-0.12923053,-0.074988841,0.400375844,0.037386926,-0.148434698,5,7,6,2.57,1.9,3.09,0.6085,1.476,0.002958094,0.025067751
31-Mar-93,-0.238101476,-0.084067599,-0.112134527,-0.057130006,0.642433158,0.072786481,-0.675384217,5,7,6,2.57,1.9,3.09,0.6103,1.513,0.009011961,0.000330469
07-Apr-93,-0.258930433,0.708714869,-0.1545896,-0.112975867,0.174372184,0.188025646,1.597175347,5,7,6,2.25,1.3,3.23,0.6158,1.5135,-0.002273465,0.025107367
14-Apr-93,-0.226869478,-0.291695972,-0.126428685,-0.093242347,-1.146072079,0.160599161,-0.675384217,5,7,6,2.25,1.3,3.23,0.6144,1.5515,0.005045573,-0.006445375
21-Apr-93,-0.235733679,0.17303148,-0.1503156,-0.066108757,0.087369119,0.294463938,2.538334174,5,7,6,2.25,1.3,3.23,0.6175,1.5415,0.001133603,0.020759001
28-Apr-93,-0.249918587,0.383178257,-0.17695687,-0.137445432,0.350026125,0.315943299,-0.675384217,5,7,6,2.25,1.3,3.23,0.6182,1.5735,0.003720479,-0.004766444
05-May-93,-0.23045125,-0.198955684,-0.146089088,-0.138234773,-1.146072079,0.31655326,1.042593236,4.75,7,6,2.03,1.29,3.22,0.6205,1.566,-0.001772764,-0.021711367
12-May-93,-0.212290849,-0.155567099,-0.144759399,-0.074791506,0.399412541,0.421945903,-0.675384217,4.75,7,6,2.03,1.29,3.22,0.6194,1.532,-0.000322893,0.006527415
19-May-93,-0.202600927,-0.196448538,-0.131604975,-0.11534389,0.353321743,0.526576095,-0.675384217,4.75,7,6,2.03,1.29,3.22,0.6192,1.542,0.00500646,0.004215305
26-May-93,-0.180656425,-0.311827117,-0.103728993,-0.088506303,0.441073813,0.509213975,2.623972232,4.75,7,6,2.03,1.29,3.22,0.6223,1.5485,0.004017355,-0.00516629
02-Jun-93,-0.173388984,-0.856934417,-0.101781948,-0.072620819,-1.146072079,0.556420642,-0.675384217,4.75,7,6,2.14,1.22,3,0.6248,1.5405,-0.005921895,-0.016228497
09-Jun-93,-0.196093586,-0.6569883,-0.140105487,-0.068772783,0.062556278,0.500217042,-0.675384217,4.75,7,6,2.14,1.22,3,0.6211,1.5155,-0.004347126,-0.009237875
16-Jun-93,-0.1962467,-0.406630694,-0.132269819,-0.052887299,0.123196481,0.385086798,1.264396973,4.75,7,6,2.14,1.22,3,0.6184,1.5015,-0.008085382,-0.019314019
23-Jun-93,-0.220766796,-0.248796272,-0.152405111,-0.035423134,0.235931998,0.340319976,0.675353591,4.75,7,6,2.14,1.22,3,0.6134,1.4725,0.003586567,0.012903226
30-Jun-93,-0.19382422,-0.485301051,-0.117548261,-0.036113807,-0.22862114,0.365742303,0.796040806,4.75,7,6,2.14,1.22,3,0.6156,1.4915,0.001786875,0.000670466
07-Jul-93,-0.215921835,-0.791756656,-0.154114711,-0.087124956,-0.044526339,0.365110557,0.1230043,4.75,7,6,2.13,1.37,2.78,0.6167,1.4925,-0.001459381,0.006700168
14-Jul-93,-0.179349489,-0.253448724,-0.119685262,-0.102911772,0.134604229,0.30546503,-0.029216242,4.75,7,6,2.13,1.37,2.78,0.6158,1.5025,0.004546931,0.008319468
21-Jul-93,-0.172322655,-0.142188684,-0.133457042,-0.120869275,0.913433237,0.372037977,-0.146941044,4.75,7,6,2.13,1.37,2.78,0.6186,1.515,0.00242483,-0.01320132
28-Jul-93,-0.173388984,-0.17991649,-0.133409553,-0.051703288,0.456022686,0.347073122,0.557540701,4.75,7,6,2.13,1.37,2.78,0.6201,1.495,-0.002418965,0.003010033
04-Aug-93,-0.174154553,-0.209005176,-0.126998552,0.004635912,0.715361188,0.488388144,0.146559984,4.75,7,6,2.23,1.73,2.77,0.6186,1.4995,0.00452635,-0.01933978
11-Aug-93,-0.157038607,-0.426657309,-0.117880684,0.068572517,0.592487069,0.579925946,-0.675384217,4.75,7,6,2.23,1.73,2.77,0.6214,1.4705,0.002413904,0.031281877
18-Aug-93,-0.14527618,-0.116309917,-0.09138188,0.135173147,0.813536899,0.689501183,0.232161658,4.75,7,6,2.23,1.73,2.77,0.6229,1.5165,-0.001926473,-0.023738872
25-Aug-93,-0.119449147,0.140633169,-0.071958921,0.140698532,0.436529855,0.743286722,1.146840686,4.75,7,6,2.23,1.73,2.77,0.6217,1.4805,0.001930191,0.015873016
01-Sep-93,-0.123271526,-0.459063661,-0.057617275,0.146421253,-1.146072079,0.82321347,2.063361887,4.75,7,6,2.13,1.79,2.69,0.6229,1.504,0.001765934,0.024933511
08-Sep-93,-0.153987266,-0.82132297,-0.088485057,0.097482123,0.103139816,0.858460534,2.492373685,4.75,7,6,2.13,1.79,2.69,0.624,1.5415,0.002884615,0.002270516
15-Sep-93,-0.129532791,-0.413147023,-0.064978053,0.052095027,0.387378543,0.798313968,2.759010012,4.75,7,6,2.13,1.79,2.69,0.6258,1.545,0.002876318,-0.017605178
22-Sep-93,-0.176905135,0.197628531,-0.090622057,0.069953863,0.41052693,0.729954705,2.847537715,4.75,7,6,2.13,1.79,2.69,0.6276,1.5178,0.003983429,-0.004348399
29-Sep-93,-0.16636215,-0.447552338,-0.072053899,0.092252741,0.117514452,0.772020268,2.010708681,4.75,7,6,2.13,1.79,2.69,0.6301,1.5112,0.018568481,0.009131816
06-Oct-93,-0.148486103,-0.368923794,-0.069062099,0.162010734,0.627904559,0.880593425,4.060847897,4.75,7,6,2.22,1.36,2.75,0.6418,1.525,-0.004674353,-0.001770492
13-Oct-93,-0.146189395,-0.523310288,-0.065500431,0.142375881,0.075790764,0.912747113,3.894667438,4.75,7,6,2.22,1.36,2.75,0.6388,1.5223,-0.007983719,-0.018655981
20-Oct-93,-0.123271526,0.26070923,-0.043750517,0.216771252,0.571687642,1.004154209,3.025512292,4.75,7,6,2.22,1.36,2.75,0.6337,1.4939,0.00094682,-0.008969811
27-Oct-93,-0.112575427,-0.04496641,-0.050683896,0.2147979,0.343480662,1.029358692,3.604963738,4.75,7,6,2.22,1.36,2.75,0.6343,1.4805,-0.006621472,0.001350895
03-Nov-93,-0.114101098,0.248406684,-0.05823463,0.222691308,0.436544419,1.072970943,4.705125826,4.75,7,6,2.32,1.36,2.68,0.6301,1.4825,-0.002856689,-0.002698145
10-Nov-93,-0.113182414,-0.069243434,-0.054910407,0.159741379,1.047332281,0.971848031,2.560468972,4.75,7,6,2.32,1.36,2.68,0.6283,1.4785,-0.001273277,0.001690903
17-Nov-93,-0.090871533,0.259396958,-0.049734118,0.180954913,0.576017301,1.00561376,-0.675384217,4.75,7,6,2.32,1.36,2.68,0.6275,1.481,-0.001752988,0.004726536
24-Nov-93,-0.100041962,0.101980662,-0.061368897,0.12885842,-1.146072079,0.971368775,1.041375333,4.75,6.5,6,2.32,1.36,2.68,0.6264,1.488,-0.002234994,-0.007056452
01-Dec-93,-0.094847026,-0.773629298,-0.063600875,0.292646636,1.31825538,1.026308884,1.438871039,4.75,6.5,6,2.62,1.94,2.75,0.625,1.4775,0.00224,0.01319797
08-Dec-93,-0.074368043,-0.380108658,-0.042705761,0.336257716,1.218579581,1.14220158,-0.675384217,4.75,6.5,6,2.62,1.94,2.75,0.6264,1.497,0.001277139,-0.012358049
15-Dec-93,-0.083997813,-0.204722603,-0.06383832,0.337639062,0.792325519,1.386251555,4.540366253,4.75,6.5,6,2.62,1.94,2.75,0.6272,1.4785,0.001116071,0.012512682
22-Dec-93,-0.059242578,0.033773098,-0.037814405,0.413514446,0.986964633,1.392155112,4.468195972,4.75,6.5,6,2.62,1.94,2.75,0.6279,1.497,-0.00621118,-0.014362057
29-Dec-93,-0.041667291,-0.975017948,-0.022333025,0.518398105,-1.146072079,1.72523769,5.152557437,4.75,6.5,6,2.62,1.94,2.75,0.624,1.4755,0.000801282,0.008471705
05-Jan-94,-0.039212,-0.059452859,-0.03672216,0.436701332,-1.146072079,1.736434841,5.224758357,4.75,6.5,6,2.2,2.47,2.52,0.6245,1.488,-0.00256205,0.010416667
12-Jan-94,-0.011974133,0.4321054,-0.005284511,0.429597265,1.117409935,1.36244127,4.513708365,4.75,6.5,6,2.2,2.47,2.52,0.6229,1.5035,-0.000963236,-0.007316262
19-Jan-94,0.007569762,-0.10682972,-0.004667155,0.531323561,1.305050022,1.456092153,2.21926486,4.75,6.5,6,2.2,2.47,2.52,0.6223,1.4925,0.005624297,0.001675042
26-Jan-94,0.020491481,0.300981171,-0.009890934,0.492843197,1.271538331,1.351897649,1.036023074,4.75,6.5,6,2.2,2.47,2.52,0.6258,1.495,0.007989773,0.001003344
02-Feb-94,0.057424739,-0.055321455,0.031899295,0.575921316,1.609680385,1.531858092,1.608437113,4.75,6.5,6,3.12,2.38,2.52,0.6308,1.4965,-0.005389981,-0.024056131
09-Feb-94,0.033571782,0.363360705,-0.011932957,0.485936465,1.36281072,1.53952618,1.164017703,4.75,6.25,6,3.12,2.38,2.52,0.6274,1.4605,0.001115716,0.010270455
16-Feb-94,0.036497351,-0.14804566,-0.011837979,0.474688358,0.934971266,1.539046925,-0.675384217,4.75,6.25,6,3.12,2.38,2.52,0.6281,1.4755,0.004298679,0.002033209
23-Feb-94,0.011567128,-0.506987302,-0.021810647,0.399898318,0.278398449,1.718833094,1.978135542,4.75,6.25,6,3.12,2.38,2.52,0.6308,1.4785,0.003963221,0.012512682
02-Mar-94,-0.021210181,0.19988641,-0.049734118,0.307348109,1.069993816,1.415115807,1.851787762,4.75,6.25,6,2.41,2.3,2.51,0.6333,1.497,-0.004894994,-0.002805611
09-Mar-94,-0.00936026,-0.081256507,-0.039049116,0.305966762,0.418865842,1.280837128,0.849507862,4.75,6.25,6,2.41,2.3,2.51,0.6302,1.4928,0.000952079,0.001808682
16-Mar-94,-0.012236613,-0.472926137,-0.027841737,0.302217394,0.503099673,1.200147927,0.575230922,4.75,6.25,6,2.41,2.3,2.51,0.6308,1.4955,-0.000475587,0.000668673
23-Mar-94,-0.000583553,0.282905274,-0.03202076,0.215784576,0.27106445,1.037789232,1.057049122,4.75,6.25,6,2.41,2.3,2.51,0.6305,1.4965,0.011419508,-0.011025727
30-Mar-94,-0.133305954,0.223295018,-0.141197732,0.153722655,0.65209323,1.07506224,0.40127772,4.75,6.25,6.25,2.41,2.3,2.51,0.6377,1.48,-0.002509017,-0.007432432
06-Apr-94,-0.104334619,0.535030265,-0.129325508,0.192301687,-1.146072079,1.047134714,-0.675384217,4.75,6.25,6.25,2.8,2.56,2.36,0.6361,1.469,0.005973903,0.005786249
13-Apr-94,-0.114319832,-0.162879475,-0.13782602,0.206411154,0.307382826,1.300029132,0.45606417,4.75,6.25,6.25,2.8,2.56,2.36,0.6399,1.4775,0.003125488,0.009407783
20-Apr-94,-0.148639217,0.358296559,-0.158246245,0.159544044,0.514985952,1.295672264,0.500260999,5.25,6.25,6.75,2.8,2.56,2.36,0.6419,1.4914,0.00186945,0.00978946
27-Apr-94,-0.093501811,-0.306081105,-0.111184749,0.210555193,0.556584806,1.428665668,0.901077212,5.25,6.25,6.75,2.8,2.56,2.36,0.6431,1.506,-0.000310994,-0.002988048
04-May-94,-0.094480646,-0.163490582,-0.111897083,0.132114451,-1.146072079,1.451256029,-0.675384217,5.25,6.25,6.75,3.09,2.55,2.29,0.6429,1.5015,0.002177633,-0.005328005
11-May-94,-0.132053701,-0.061376237,-0.160478223,0.191315011,0.567037575,1.364423645,0.17569006,5.25,6.25,6.75,3.09,2.55,2.29,0.6443,1.4935,0.006053081,0.01071309
18-May-94,-0.075264853,-0.084053125,-0.10254177,0.177501547,0.743425955,1.499355855,0.036694098,5.25,6.25,7.25,3.09,2.55,2.29,0.6482,1.5095,0.004319654,-0.000662471
25-May-94,-0.063010273,0.093762883,-0.089957213,0.082977986,0.210170418,1.455133642,-0.675384217,5.25,6.25,7.25,3.09,2.55,2.29,0.651,1.5085,0.002611367,0.005634736
01-Jun-94,-0.059986274,-0.701952898,-0.083831145,-0.004638843,-1.146072079,1.378932016,-0.102951029,5.25,6.25,7.25,3.49,2.62,2.49,0.6527,1.517,-0.000612839,-0.004943968
08-Jun-94,-0.06620926,-0.310797885,-0.086538012,0.100244816,0.171657045,1.374074108,-0.084906544,5.25,6.25,7.25,3.49,2.62,2.49,0.6523,1.5095,0.000153304,0.008280888
15-Jun-94,-0.043810885,-0.178332437,-0.069679454,0.107743554,0.594307565,1.419516244,0.900004845,5.25,6.25,7.25,3.49,2.62,2.49,0.6524,1.522,0.002452483,0.005584757
22-Jun-94,-0.079705156,0.195632784,-0.105391104,0.023481423,0.270005442,1.351527315,0.612591413,5.25,6.25,7.25,3.49,2.62,2.49,0.654,1.5305,0.003669725,0.010127409
29-Jun-94,-0.111268491,-0.201289148,-0.131320041,0.009569292,0.17439091,1.27116488,-0.034332963,5.25,6.25,7.25,3.49,2.62,2.49,0.6564,1.546,0.002285192,0.000323415
06-Jul-94,-0.107194568,-0.759094604,-0.138443376,0.009963962,-0.073739579,1.150196433,-0.202005161,5.25,6.25,7.25,3.27,2.35,2.77,0.6579,1.5465,0.004711962,0.012932428
13-Jul-94,-0.090909812,-0.40772747,-0.126096263,0.067783176,0.637826783,1.196052471,-0.159847744,5.25,6.25,7.25,3.27,2.35,2.77,0.661,1.5665,0.002420575,-0.013405681
20-Jul-94,-0.078338067,-0.2662096,-0.11246695,0.13872518,0.769075184,1.299397386,0.07288456,5.25,6.25,7.25,3.27,2.35,2.77,0.6626,1.5455,-0.000452762,-0.008411517
27-Jul-94,-0.082056548,-0.250166438,-0.107860527,0.143757228,0.139657926,1.234087931,-0.139424902,5.25,6.25,7.25,3.27,2.35,2.77,0.6623,1.5325,0.001962857,0.006199021
03-Aug-94,-0.042580506,-0.219643259,-0.065690387,0.220816623,0.555292774,1.377298191,0.751482054,5.25,6.25,7.25,3.48,2.41,2.9,0.6636,1.542,0.000602773,-0.003242542
10-Aug-94,-0.056743541,-0.2412684,-0.07115161,0.227328685,0.28240354,1.397710119,-0.675384217,5.25,6.25,7.25,3.48,2.41,2.9,0.664,1.537,0,0.003578399
17-Aug-94,-0.051428301,-0.007349568,-0.048024518,0.250318236,0.476356066,1.545625796,2.063044007,5.25,6.25,7.75,3.48,2.41,2.9,0.664,1.5425,0.003313253,0.00713128
24-Aug-94,-0.01301312,0.127713084,-0.029693804,0.265019708,0.314242455,1.402764086,1.665873841,5.25,6.25,7.75,3.48,2.41,2.9,0.6662,1.5535,0.000750525,-0.01158674
31-Aug-94,0.023455328,0.384509826,0.000984023,0.310505472,-1.146072079,1.476569434,0.764827274,5.75,6.25,7.75,3.48,2.41,2.9,0.6667,1.5355,0,0.006838163
07-Sep-94,0.008597812,-0.583821122,-0.020528447,0.263737029,0.281995749,1.507742826,1.112524951,5.75,6.25,7.75,3.48,2.18,2.96,0.6667,1.546,0.007649618,0.012613195
14-Sep-94,0.013563077,-0.091437869,-0.030786048,0.141290538,0.45581671,1.445221767,0.90563477,5.75,6.25,7.75,3.48,2.18,2.96,0.6718,1.5655,0.008782376,0.008431811
21-Sep-94,-0.010350032,0.805903371,-0.065642898,0.077156598,0.121661022,1.426443665,1.533007604,5.75,6.75,7.75,3.48,2.18,2.96,0.6777,1.5787,-0.008705917,-0.002660417
28-Sep-94,0.004184851,-0.024235415,-0.049591651,0.100738154,0.145277537,1.515759464,1.955493284,5.75,6.75,7.75,3.48,2.18,2.96,0.6718,1.5745,0.010270914,0.007621467
05-Oct-94,-0.04548967,0.164800836,-0.103349081,0.019436052,0.0910434,1.624986151,1.508988504,5.75,6.75,7.75,3.46,2.4,2.61,0.6787,1.5865,-0.006335642,-0.002836432
12-Oct-94,0.00252794,-0.083313364,-0.046599851,0.161714731,0.366408509,1.597712156,1.281363347,5.75,6.75,7.75,3.46,2.4,2.61,0.6744,1.582,0.009341637,0.025600506
19-Oct-94,0.035824743,-0.086861,-0.023757692,0.122543694,0.274464097,1.588562733,1.024510452,5.75,6.75,7.75,3.46,2.4,2.61,0.6807,1.6225,-0.001909799,0.009244992
26-Oct-94,-0.012192867,0.827771347,-0.060134186,0.062455125,0.002958439,1.573705812,0.614194218,5.75,6.75,7.75,3.46,2.4,2.61,0.6794,1.6375,0.002355019,-0.010076336
02-Nov-94,-0.018262739,0.557406424,-0.041708494,0.142770552,-0.034518812,1.588737007,-0.675384217,5.75,6.75,7.75,3.55,2.61,2.67,0.681,1.621,0.000587372,-0.011104257
09-Nov-94,-0.021204713,0.321559389,-0.046932273,0.160826723,0.367373892,1.545625796,0.268637446,5.75,6.75,7.75,3.55,2.61,2.67,0.6814,1.603,-0.003815674,-0.019837804
16-Nov-94,-0.013849778,0.001718936,-0.045982495,0.207101827,0.998875878,1.550200508,0.420993948,5.75,6.75,8.5,3.55,2.61,2.67,0.6788,1.5712,0.00486152,-0.000445519
23-Nov-94,-0.107123479,0.757569645,-0.120397595,0.089687383,0.42950378,1.26985782,0.263415403,6.25,6.75,8.5,3.55,2.61,2.67,0.6821,1.5705,0.001026242,-0.003820439
30-Nov-94,-0.071797917,-0.749004908,-0.10254177,0.142869219,0.107875186,1.3227502,-0.199163389,6.25,6.75,8.5,3.55,2.61,2.67,0.6828,1.5645,-0.001611013,0
07-Dec-94,-0.073826676,-0.16473531,-0.114224039,0.074887243,0.098731094,1.18831903,-0.266770366,6.25,6.75,8.5,2.85,2.89,2.67,0.6817,1.5645,0,-0.001917546
14-Dec-94,-0.06793726,0.037909326,-0.096463192,0.043412279,0.519962668,1.043714573,-0.049060771,6.25,6.75,8.5,2.85,2.89,2.67,0.6817,1.5615,0.001320229,-0.010886968
21-Dec-94,-0.037582431,0.420973606,-0.074428344,0.132015783,0.639790838,1.269138936,-0.039597135,6.25,7.25,8.5,2.85,2.89,2.67,0.6826,1.5445,0.001318488,0.019423762
28-Dec-94,-0.016972207,-0.86453144,-0.068492232,0.157077354,-1.146072079,1.305453433,-0.675384217,6.25,7.25,8.5,2.85,2.89,2.67,0.6835,1.5745,0.006291149,-0.008701175
04-Jan-95,-0.007041678,-0.770589845,-0.069204565,0.113466275,-1.146072079,1.32721599,-0.675384217,6.25,7.25,8.5,2.64,3.33,2.8,0.6878,1.5608,0.001744693,-0.000192209
11-Jan-95,-0.004646539,-0.007560239,-0.06469312,0.111295587,0.218074492,1.11274915,-0.34577124,6.25,7.25,8.5,2.64,3.33,2.8,0.689,1.5605,-0.001451379,0.006408202
18-Jan-95,0.031964086,-0.004022252,-0.02641707,0.116722305,0.877974136,1.02097172,-0.035993217,6.25,7.25,8.5,2.64,3.33,2.8,0.688,1.5705,0.000145349,0.013689908
25-Jan-95,0.00050465,0.20841135,-0.037244538,0.04499096,1.129190105,0.71407392,0.426422805,6.25,7.25,8.5,2.64,3.33,2.8,0.6881,1.592,-0.000145328,-0.006092965
01-Feb-95,-0.012559246,0.884149169,-0.023187825,0.079623288,1.100680097,0.976967351,-0.675384217,6.25,7.25,9,2.34,3.38,2.86,0.688,1.5823,-0.001017442,-0.01839095
08-Feb-95,0.035458364,0.265298964,0.028052694,0.134087803,0.799434816,0.994961217,1.098277793,6.25,7.75,9,2.34,3.38,2.86,0.6873,1.5532,0,0.004957507
15-Feb-95,0.063237598,0.150655321,0.043961474,0.136455825,0.922086315,1.029968653,1.687987575,6.25,7.75,9,2.34,3.38,2.86,0.6873,1.5609,0.001163975,0.018386828
22-Feb-95,0.056063119,-0.017062951,0.046478386,0.081793975,0.311566846,0.91152719,1.17392752,6.25,7.75,9,2.34,3.38,2.86,0.6881,1.5896,0.00319721,-0.002579265
01-Mar-95,0.067956787,0.210479464,0.049232742,0.103204844,0.46491711,1.075127593,0.747299823,6.25,7.75,9,2.55,3.51,2.85,0.6903,1.5855,0.014486455,0.014506465
08-Mar-95,0.059442561,0.267185354,0.037313029,0.054759053,0.596887468,0.933442237,-0.675384217,6.25,7.75,9,2.55,3.51,2.85,0.7003,1.6085,0.013851207,-0.006589991
15-Mar-95,0.091782402,0.121285205,0.078818324,0.108927565,0.827551597,0.962066861,0.091652892,6.25,7.75,9,2.55,3.51,2.85,0.71,1.5979,-0.004225352,-0.006195632
22-Mar-95,0.116182194,0.527907654,0.096816616,0.20039243,1.214102201,0.971891599,-0.055845406,6.25,7.75,9,2.55,3.51,2.85,0.707,1.588,-0.001131542,0.014798489
29-Mar-95,0.158731451,0.144073057,0.132195843,0.202957788,1.065764023,1.062035204,0.239409708,6.25,7.75,9,2.55,3.51,2.85,0.7062,1.6115,0.006372133,-0.00031027
05-Apr-95,0.180479092,0.279167873,0.143830623,0.250219568,1.206915923,1.015743478,0.180858484,6.25,7.75,9,2.33,3.33,3.05,0.7107,1.611,0.004784016,-0.010862818
12-Apr-95,0.178969826,-0.105334117,0.151428846,0.269558418,0.471092232,0.931525215,0.142927341,6.25,7.75,9,2.33,3.33,3.05,0.7141,1.5935,0.003921019,0.010040791
19-Apr-95,0.184257724,-0.249095392,0.140743844,0.230387381,-1.146072079,0.873077827,-0.675384217,6.25,7.75,9,2.33,3.33,3.05,0.7169,1.6095,0.000278979,0.00453557
26-Apr-95,0.234757966,0.541866621,0.17750025,0.285739904,0.823419591,0.933986845,0.034905543,6.25,7.75,9,2.33,3.33,3.05,0.7171,1.6168,0.003207363,-0.000371103
03-May-95,0.274851932,0.130044939,0.214636567,0.321654911,0.608694685,0.939912186,-0.675384217,6.25,7.75,9,2.13,3.39,3.19,0.7194,1.6162,-0.001946066,-0.020542012
10-May-95,0.29206084,0.535858476,0.233062258,0.348788501,-1.146072079,0.995571178,-0.675384217,6.25,7.75,9,2.13,3.39,3.19,0.718,1.583,-0.005153203,-0.008212255
17-May-95,0.301892939,0.508694777,0.245931749,0.355991236,0.581838727,1.144554288,-0.675384217,6.25,7.75,9,2.13,3.39,3.19,0.7143,1.57,0.004619908,0.002420382
24-May-95,0.310401696,0.503416743,0.253245039,0.385492848,0.414180405,1.171566872,0.478468975,6.25,7.75,9,2.13,3.39,3.19,0.7176,1.5738,0.001811594,0.009022747
31-May-95,0.325155313,-0.451440907,0.27599222,0.377698108,-1.146072079,1.183918593,0.081658818,6.25,7.75,9,2.13,3.39,3.19,0.7189,1.588,-0.000139101,0.001259446
07-Jun-95,0.323454656,0.412482438,0.27471002,0.428413254,0.607053118,1.185552419,0.152454171,6,7.75,9,1.83,3.52,3.04,0.7188,1.59,-0.002365053,0.013522013
14-Jun-95,0.339340222,-0.094755536,0.290571311,0.397826298,0.229919159,1.096498031,-0.257821849,6,7.75,9,1.83,3.52,3.04,0.7171,1.6115,-0.003207363,-0.00124108
21-Jun-95,0.369973937,0.347267689,0.326235472,0.435813324,0.678601733,1.057961532,-0.017602128,6,7.75,9,1.83,3.52,3.04,0.7148,1.6095,-0.003217683,-0.020813917
28-Jun-95,0.375272771,0.138397805,0.32979714,0.341487098,1.01514175,0.988186287,0.000450017,6,7.75,9,1.83,3.52,3.04,0.7125,1.576,0.00477193,0.012944162
05-Jul-95,0.407229827,-0.64528078,0.34181183,0.452192146,0.351164195,1.074757259,0.327140795,6,7.75,9,1.44,3.54,2.76,0.7159,1.5964,-0.001676212,-0.003069406
12-Jul-95,0.468508194,0.596608928,0.406539196,0.507149999,0.974125454,1.179648862,1.402496743,6,7.75,8.75,1.44,3.54,2.76,0.7147,1.5915,0.000839513,0.005026704
19-Jul-95,0.414688661,0.689682108,0.3594777,0.462453576,0.316312619,1.113184837,0.669087905,6,7.75,8.75,1.44,3.54,2.76,0.7153,1.5995,0.000419404,-0.002813379
26-Jul-95,0.457445715,0.858109585,0.409958396,0.5108007,0.132088823,1.129305249,1.218982242,6,7.75,8.75,1.44,3.54,2.76,0.7156,1.595,-0.000419229,0.003761755
02-Aug-95,0.44819873,0.393113567,0.396614016,0.555793126,0.648310759,1.128629935,0.446426274,6,7.75,8.75,1.34,3.59,2.62,0.7153,1.601,0.000699007,-0.001061836
09-Aug-95,0.437994783,-0.269837645,0.400935506,0.524614164,0.491619105,0.992042115,-0.675384217,6,7.75,8.75,1.34,3.59,2.62,0.7158,1.5993,-0.017602682,-0.034890264
16-Aug-95,0.42027185,0.054076318,0.402170217,0.521456801,0.389985493,0.91133113,0.956003452,6,7.75,8.75,1.34,3.59,2.62,0.7032,1.5435,-0.001706485,-0.000453515
23-Aug-95,0.39061697,0.312963689,0.38873086,0.571579942,0.361358973,1.027419885,0.971573834,6,7.75,8.75,1.34,3.59,2.62,0.702,1.5428,-0.000712251,0.002074151
30-Aug-95,0.401400563,-0.176167832,0.406681662,0.559838497,-1.146072079,1.072578825,2.567167435,6,7.75,8.75,1.34,3.59,2.62,0.7015,1.546,-0.000285103,0.003234153
06-Sep-95,0.444731794,-0.609799595,0.450608891,0.612822998,0.558977458,1.068701212,-0.675384217,6,7.75,8.75,1.34,3.86,2.54,0.7013,1.551,-0.007557393,-0.001611863
13-Sep-95,0.489413708,0.340674168,0.491449342,0.625748454,0.717343969,1.070727156,0.995795918,6,7.75,8.75,1.34,3.86,2.54,0.696,1.5485,-0.004166667,0.001937359
20-Sep-95,0.504271224,1.314355517,0.529440459,0.616572367,1.114289085,1.034347306,0.692367838,6,7.75,8.75,1.34,3.86,2.54,0.6931,1.5515,0.009522435,0.017402514
27-Sep-95,0.48768024,0.874228332,0.502229321,0.541091653,0.651787386,1.040446921,1.594867844,6,7.75,8.75,1.34,3.86,2.54,0.6997,1.5785,-0.002143776,0.002343997
04-Oct-95,0.47582485,0.42596056,0.504271344,0.599404205,0.734889389,1.073602689,0.43301786,6,7.75,8.75,1.05,3.17,2.81,0.6982,1.5822,0.005442567,-0.00644672
11-Oct-95,0.472861003,0.365041249,0.494726076,0.53053422,1.608702518,1.076303947,0.285188277,6,7.75,8.75,1.05,3.17,2.81,0.702,1.572,-0.000712251,-0.00235369
18-Oct-95,0.495975732,0.303465802,0.532622215,0.647652661,0.961789773,1.023869038,0.050642525,6,7.75,8.75,1.05,3.17,2.81,0.7015,1.5683,0.006699929,0.007460307
25-Oct-95,0.482939178,0.441386183,0.509020233,0.593188146,0.688996245,1.023193723,-0.675384217,6,7.75,8.75,1.05,3.17,2.81,0.7062,1.58,0.000424809,-0.000632911
01-Nov-95,0.490048037,0.218848412,0.51733079,0.574342634,0.266052365,1.014392849,-0.255079654,6,7.75,8.75,0.86,3.1,2.61,0.7065,1.579,0,0.000253325
08-Nov-95,0.537070407,-0.01987565,0.552899973,0.592497473,1.878737215,1.016440577,0.081846482,6,7.75,8.75,0.86,3.1,2.61,0.7065,1.5794,0.002123142,-0.01196657
15-Nov-95,0.575392626,0.212695531,0.563584975,0.62634046,0.4911593,0.941676718,0.511440422,6,7.75,8.75,0.86,3.1,2.61,0.708,1.5605,-0.001836158,0.00128164
22-Nov-95,0.640389473,0.527420377,0.584670045,0.686527696,1.733634319,1.028944789,0.379920388,6,7.75,8.75,0.86,3.1,2.61,0.7067,1.5625,0.00155653,-0.01856
29-Nov-95,0.675359592,-0.538843659,0.628549785,0.709319911,1.255748909,1.03537117,0.331614097,6,7.75,8.75,0.86,3.1,2.61,0.7078,1.5335,-0.000423849,0.005868927
06-Dec-95,0.726526973,0.167964118,0.688100861,0.716522646,1.522573291,1.131788664,0.744816145,6,7.75,8.75,0.86,3.22,2.54,0.7075,1.5425,-0.002120141,-0.005316045
13-Dec-95,0.736009098,0.032296792,0.695271684,0.716127976,1.901787816,1.170172674,0.464635444,6,7.75,8.75,0.86,3.22,2.54,0.706,1.5343,0.001416431,0.004171283
20-Dec-95,0.650073926,1.303037175,0.620476673,0.668076854,2.256907296,1.290247963,1.465944469,6,7.5,8.5,0.86,3.22,2.54,0.707,1.5407,-0.000282885,0.012202246
27-Dec-95,0.675556453,-0.69182139,0.661269634,0.72994144,-1.146072079,1.386491183,-0.675384217,6,7.5,8.5,0.86,3.22,2.54,0.7068,1.5595,-0.002122241,-0.004809234
03-Jan-96,0.723759986,-0.096455378,0.693514595,0.768619139,-1.146072079,1.462431397,-0.675384217,6,7.5,8.5,0.86,2.88,2.73,0.7053,1.552,-0.00311924,-0.003221649
10-Jan-96,0.635648411,0.760831025,0.585049956,0.725106727,0.786073416,1.584205864,2.798436723,6,7.5,8.5,0.86,2.88,2.73,0.7031,1.547,0.0046935,-0.017000646
17-Jan-96,0.654218938,0.66844132,0.622518695,0.757371032,1.273583528,1.645093098,1.758447813,6,7.5,8.5,0.86,2.88,2.73,0.7064,1.5207,-0.003822197,-0.006444401
24-Jan-96,0.750429145,1.413488304,0.687056105,0.810651536,1.21105209,1.689075683,1.464705503,6,7.5,8.5,0.86,2.88,2.73,0.7037,1.5109,0.000568424,0.001522271
31-Jan-96,0.833799659,0.882095528,0.763323272,0.81173688,1.986591722,1.773816771,1.270339034,6,7.25,8.5,0.86,2.88,2.73,0.7041,1.5132,0.00482886,0.015926513
07-Feb-96,0.886744255,0.698465964,0.829380326,0.778979237,1.457670006,1.867010183,1.201148401,6,7.25,8.25,1.62,2.72,2.65,0.7075,1.5373,-0.000141343,0.003382554
14-Feb-96,0.934554067,1.270193399,0.856211553,0.797627413,1.215702157,1.670646131,0.303380213,6,7.25,8.25,1.62,2.72,2.65,0.7074,1.5425,0.010460843,0.000972447
21-Feb-96,0.899786277,0.2662896,0.820689858,0.778485899,1.31242147,1.784120764,-0.675384217,6,7.25,8.25,1.62,2.72,2.65,0.7148,1.544,-0.009932848,-0.007124352
28-Feb-96,0.894449165,0.893685652,0.804781078,0.790918016,0.954382955,1.750812507,0.162526758,6,7.25,8.25,1.62,2.72,2.65,0.7077,1.533,0.001130422,-0.002152642
06-Mar-96,0.962016137,0.688139867,0.839210528,0.81134221,0.854230706,1.731533365,0.031722912,6,7.25,8.25,1.43,2.71,2.84,0.7085,1.5297,0.003387438,-0.003726221
13-Mar-96,0.928631841,1.051737178,0.775337963,0.694322436,1.340916915,1.450493578,0.273729273,6,7,8.25,1.43,2.71,2.84,0.7109,1.524,-0.003376002,0.01003937
20-Mar-96,0.976042463,1.938433902,0.829617771,0.738821524,1.754462874,1.63180465,-0.166969408,6,7,8.25,1.43,2.71,2.84,0.7085,1.5393,0.000705716,-0.01286299
27-Mar-96,0.960435783,0.424447266,0.824536459,0.725994736,1.41033711,1.665984282,0.083556524,6,7,8.25,1.43,2.71,2.84,0.709,1.5195,0.003949224,0.004014478
03-Apr-96,0.994809852,0.379210887,0.85763622,0.777992561,1.657614566,1.625574329,-0.215256549,6,7,8.25,1.14,2.42,2.9,0.7118,1.5256,-0.003090756,-0.007210278
10-Apr-96,0.883386686,0.262685678,0.75135607,0.819728956,-1.146072079,1.644918824,-0.675384217,6,7,8.25,1.14,2.42,2.9,0.7096,1.5146,0,-0.003037106
17-Apr-96,0.918356805,1.224104686,0.789869565,0.857419979,1.162100512,1.675133705,0.156875769,6,7,8.25,1.14,2.42,2.9,0.7096,1.51,-0.000422773,0.003509934
24-Apr-96,0.920527741,0.675578405,0.83052006,0.869260091,1.258796939,1.625748603,0.305199406,6,7,8.25,1.14,2.42,2.9,0.7093,1.5153,0.002396729,-0.015046525
01-May-96,0.93218627,0.486725486,0.851462663,0.857814649,1.115383463,1.700861012,-0.675384217,6,7,8.25,1.23,2.21,2.89,0.711,1.4925,0.000843882,0.021306533
08-May-96,0.876868409,1.027530915,0.804876056,0.760429728,-1.146072079,1.605380244,0.161923552,6,7,8.25,1.23,2.21,2.89,0.7116,1.5243,-0.002248454,-0.006954012
15-May-96,0.95964834,0.69672431,0.902940626,0.828411704,1.213939917,1.495739654,0.077761913,6,7,8.25,1.23,2.21,2.89,0.71,1.5137,-0.00056338,-0.003104975
22-May-96,1.043073537,1.061482724,0.964676191,0.816571592,1.551724113,1.477266533,-0.065489047,6,7,8.25,1.23,2.21,2.89,0.7096,1.509,-0.001972943,0.014380384
29-May-96,0.986109702,0.005252098,0.914860339,0.827918366,-1.146072079,1.523885023,0.179577389,6,7,8.25,1.23,2.21,2.89,0.7082,1.5307,0.00183564,0.011628667
05-Jun-96,0.999042357,0.194712908,0.964771169,0.805915492,-1.146072079,1.50730714,-0.675384217,6,7,8.25,1.13,2.14,2.75,0.7095,1.5485,0.000140944,-0.009105586
12-Jun-96,0.983080234,0.465467009,0.920131607,0.821504972,0.797452036,1.425463369,-0.265399269,6,6.75,8.25,1.13,2.14,2.75,0.7096,1.5344,0.001409245,0.006452033
19-Jun-96,0.972176338,0.052325015,0.886509468,0.805718156,1.489005424,1.431323357,-0.357507911,6,6.75,8.25,1.13,2.14,2.75,0.7106,1.5443,-0.002814523,-0.002395908
26-Jun-96,0.990960131,1.036498103,0.89804927,0.748786951,1.08513202,1.416139671,-0.375604099,6,6.75,8.25,1.13,2.14,2.75,0.7086,1.5406,-0.001411233,0.01453979
03-Jul-96,1.002071825,0.331557419,0.936087876,0.767139125,0.881147,1.386948654,-0.087237027,6,6.75,8.25,1.33,2.21,2.95,0.7076,1.563,-0.000282646,-0.00671785
10-Jul-96,0.947732799,-0.345407438,0.85849102,0.818150274,0.755797006,1.297327874,-0.292206522,6,6.75,8.25,1.33,2.21,2.95,0.7074,1.5525,-0.003534068,-0.004508857
17-Jul-96,0.823726952,1.671311062,0.754062937,0.711983936,0.735409531,1.239838997,0.000375335,6,6.75,8.25,1.33,2.21,2.95,0.7049,1.5455,0.000851185,0.004399871
24-Jul-96,0.811592676,1.029655315,0.718826176,0.722442702,0.312024571,1.094101754,-0.112571691,6,6.75,8.25,1.33,2.21,2.95,0.7055,1.5523,0.002409639,0.00244798
31-Jul-96,0.906862326,0.240541096,0.781986408,0.756384356,0.723144589,1.03883488,-0.181582319,6,6.75,8.25,1.33,2.21,2.95,0.7072,1.5561,-0.002121041,-0.008354219
07-Aug-96,1.010629798,0.301852802,0.896957026,0.862846697,1.171186348,1.088394257,-0.253980478,6,6.75,8.25,1.42,2.13,2.88,0.7057,1.5431,0.002834065,0.004017886
14-Aug-96,0.982309196,0.419037363,0.886936868,0.881790876,0.138261865,1.007770409,-0.675384217,6,6.75,8.25,1.42,2.13,2.88,0.7077,1.5493,0.000565211,0.000968179
21-Aug-96,0.994853599,-0.085796388,0.901278515,0.923033933,0.376819666,1.134337432,0.266841231,6,6.75,8.25,1.42,2.13,2.88,0.7081,1.5508,0.004377913,0.005610008
28-Aug-96,1.007190203,-0.117792656,0.900043804,0.969013034,-1.146072079,1.14366113,-0.243130425,6,6.75,8.25,1.42,2.13,2.88,0.7112,1.5595,-0.000984252,0.005001603
04-Sep-96,0.97685178,-0.444717124,0.856354019,0.923625938,0.479399936,1.001191538,-0.287769604,6,6.75,8.25,1.52,2.12,3,0.7105,1.5673,-0.001125968,-0.007784087
11-Sep-96,1.030452578,0.054139037,0.911773561,0.956087579,0.49112393,1.01966466,-0.277488288,6,6.75,8.25,1.52,2.12,3,0.7097,1.5551,0.000704523,0.004179796
18-Sep-96,1.097407095,0.59869634,0.979160305,1.005520046,0.678614216,1.192523408,0.121458943,6,6.75,8.25,1.52,2.12,3,0.7102,1.5616,-0.000422416,-0.000192111
25-Sep-96,1.097407095,0.895462686,0.999865463,0.985786526,0.914939568,1.155228616,-0.143348616,6,6.75,8.25,1.52,2.12,3,0.7099,1.5613,-0.000986054,0.002561968
02-Oct-96,1.128363443,0.476711375,1.03871138,1.064128601,0.945580077,1.150218217,-0.321468729,6,6.75,8.25,1.42,2.67,2.99,0.7092,1.5653,0.000423012,0.000127771
09-Oct-96,1.126531545,0.634730737,1.051675849,1.05840588,0.962245417,1.090463769,-0.264688826,6,6.75,8.25,1.42,2.67,2.99,0.7095,1.5655,-0.002818887,0.012136698
16-Oct-96,1.175850623,0.266418254,1.088099832,1.073304688,1.406752293,0.950608298,-0.343138196,6,6.75,8.25,1.42,2.67,2.99,0.7075,1.5845,-0.001837456,0.008204481
23-Oct-96,1.184408595,0.795332831,1.101681657,1.077251392,0.97495352,0.896561347,0.242190201,6,6.75,8.25,1.42,2.67,2.99,0.7062,1.5975,0.005380912,0.022034429
30-Oct-96,1.160768904,0.316360157,1.07143123,1.01361079,0.903581753,0.978405117,-0.142371996,6,7,8.25,1.42,2.67,2.99,0.71,1.6327,-0.000422535,0.005389845
06-Nov-96,1.261649085,1.033376634,1.183932425,0.985786526,1.056522145,0.970628107,-0.142672642,6,7,8.25,1.51,2.74,3.26,0.7097,1.6415,0.00549528,0.011513859
13-Nov-96,1.314435099,0.884539956,1.214990163,0.977103778,1.405986644,1.114470113,-0.675384217,6,7,8.25,1.51,2.74,3.26,0.7136,1.6604,-0.000420404,0.012527102
20-Nov-96,1.399621106,1.011003691,1.275870927,1.012525446,1.658833778,1.218599264,0.46073088,6,7,8.25,1.51,2.74,3.26,0.7133,1.6812,0.00042058,-0.002498216
27-Nov-96,1.43752773,0.795583706,1.328346157,1.097774252,1.441697494,1.275412827,0.590249801,6,7,8.25,1.51,2.74,3.26,0.7136,1.677,-0.000840807,-0.019916518
04-Dec-96,1.395749512,-0.111967842,1.28133215,1.093827548,0.598707964,1.218773539,0.182436395,6,7,8.25,1.99,2.46,3.32,0.713,1.6436,0.002945302,0.005597469
11-Dec-96,1.384583134,1.109962794,1.260579503,1.031962963,1.918719469,1.21461273,0.049549094,6,7,8.25,1.99,2.46,3.32,0.7151,1.6528,-0.001118725,0.013250242
18-Dec-96,1.354097065,1.220857779,1.216937207,1.067187296,1.246296893,1.221866916,-0.343165006,6,7,8.25,1.99,2.46,3.32,0.7143,1.6747,0.001819964,-0.001194244
25-Dec-96,1.450383829,0.330217808,1.309493066,1.140497323,-1.146072079,1.203045245,-0.675384217,6,7,8.25,1.99,2.46,3.32,0.7156,1.6727,-0.001537172,0.023793866
01-Jan-97,1.40960085,-0.539893798,1.260626992,1.166150899,-1.146072079,1.267635817,-0.675384217,6,7,8.25,1.98,2.8,3.04,0.7145,1.7125,-0.004058782,-0.014306569
08-Jan-97,1.464946054,1.662824718,1.297050975,1.135563943,-1.146072079,1.325298968,-0.675384217,6,7,8.25,1.98,2.8,3.04,0.7116,1.688,0.000140528,-0.00207346
15-Jan-97,1.56195464,1.215785592,1.386282611,1.20601261,2.406277435,1.277133789,0.664183742,6,7,8.25,1.98,2.8,3.04,0.7117,1.6845,-0.002388647,-0.02920748
22-Jan-97,1.62929741,1.492575178,1.47665398,1.265410505,2.379712757,1.318219057,2.121003514,6,7,8.25,1.98,2.8,3.04,0.71,1.6353,0.000985915,-0.009356081
29-Jan-97,1.569533778,1.881383862,1.411451726,1.253965063,1.684156357,1.274890002,1.590873278,6,7,8.25,1.98,2.8,3.04,0.7107,1.62,-0.004502603,0.012530864
05-Feb-97,1.572902283,1.081094429,1.438900308,1.326979087,1.424231135,1.221866916,1.043441554,6,7,8.25,1.59,2.72,3.03,0.7075,1.6403,-0.003392226,-0.005974517
12-Feb-97,1.690324233,1.256937205,1.555200614,1.3494753,2.220688787,1.284736525,-0.675384217,6,7,8.25,1.59,2.72,3.03,0.7051,1.6305,-0.006523897,-0.009322294
19-Feb-97,1.722314099,0.370983459,1.601359821,1.401867796,1.938004244,1.333424527,3.526037547,6,7,8.25,1.59,2.72,3.03,0.7005,1.6153,0.000142755,0.011576797
26-Feb-97,1.702108534,1.049386025,1.569019883,1.3741422,1.981357016,1.266067344,3.66951064,6,7,8.25,1.59,2.72,3.03,0.7006,1.634,-0.000142735,-0.012056304
05-Mar-97,1.681695171,1.571991727,1.55149648,1.404531821,1.546949212,1.214787005,2.345815623,6,7,8.25,1.6,2.57,2.76,0.7005,1.6143,-0.0041399,-0.009787524
12-Mar-97,1.732835211,0.906563924,1.56227646,1.466100403,2.014186281,1.181805512,1.138529844,6,7,8.25,1.6,2.57,2.76,0.6976,1.5985,-0.004730505,-0.000312793
19-Mar-97,1.644417407,1.513582779,1.474469491,1.377003561,2.048232678,1.0580051,0.796389325,6,7,8.25,1.6,2.57,2.76,0.6943,1.598,-0.006481348,0.019461827
26-Mar-97,1.64606885,2.125603061,1.496931739,1.346712607,2.36566893,1.038486331,0.450434245,6,7,8.5,1.6,2.57,2.76,0.6898,1.6291,0.00637866,0.009146154
02-Apr-97,1.447190311,1.289460955,1.305124087,1.282677335,-1.146072079,0.991018251,-0.675384217,6,7,8.5,1.88,2.42,2.5,0.6942,1.644,-0.001152406,-0.01459854
09-Apr-97,1.472798609,1.506300959,1.354939939,1.337635188,1.268153248,1.020187484,0.316089673,6,7,8.5,1.88,2.42,2.5,0.6934,1.62,0.001153735,0.002962963
16-Apr-97,1.536247912,1.962114292,1.368854186,1.339904543,1.070609664,0.882924349,0.352002469,6,7,8.5,1.88,2.42,2.5,0.6942,1.6248,-0.002448862,-0.001107829
23-Apr-97,1.608894984,1.973956899,1.41686546,1.431764079,0.844564393,0.871182589,-0.675384217,6,7,8.5,1.88,2.42,2.5,0.6925,1.623,-0.002310469,0.000924214
30-Apr-97,1.716222354,1.988879163,1.548409702,1.479420529,1.435849021,0.804653211,-0.031608003,6,7,8.5,1.88,2.42,2.5,0.6909,1.6245,0.00115791,-0.006771314
07-May-97,1.758142749,2.041751162,1.616223846,1.579568143,-1.146072079,0.943789799,-0.675384217,6,7.25,8.5,1.59,2.62,2.23,0.6917,1.6135,0.009107995,0.020762318
14-May-97,1.8677887,1.991854289,1.713196171,1.726977538,2.598752759,1.009426019,0.331740483,6,7.25,8.5,1.59,2.62,2.23,0.698,1.647,0.001146132,-0.001214329
21-May-97,1.870265864,2.008872006,1.728914996,1.682675785,1.989082161,0.91298674,-0.675384217,6,7.25,8.5,1.59,2.62,2.23,0.6988,1.645,0.000858615,-0.002613982
28-May-97,1.906652287,0.745196339,1.766241268,1.717702783,-1.146072079,0.935577102,0.261904515,6,7.25,8.5,1.59,2.62,2.23,0.6994,1.6407,-0.000714898,-0.00457122
04-Jun-97,1.858765918,1.40605049,1.732524152,1.598906993,1.389885137,0.899698292,0.033498062,6,7.25,8.5,1.68,2.94,2.3,0.6989,1.6332,0.008298755,0.002939015
11-Jun-97,2.026190489,1.727429968,1.87242644,1.764372558,1.237385825,0.781191476,-0.108623083,6,7.5,8.5,1.68,2.94,2.3,0.7047,1.638,-0.004540939,0.00018315
18-Jun-97,2.10432232,2.30504011,1.964982298,1.697475925,1.402202093,0.763001551,-0.082214138,6,7.5,8.5,1.68,2.94,2.3,0.7015,1.6383,-0.001282965,0.01525972
25-Jun-97,2.088611741,2.684997395,1.964649876,1.680702433,2.202144694,0.84735052,0.115874976,6,7.5,8.5,1.68,2.94,2.3,0.7006,1.6633,-0.001855552,0.007334816
02-Jul-97,2.146248184,1.732387974,2.036073176,1.79061814,1.030279955,0.727645565,-0.151734141,6,7.5,8.5,2.06,3.35,2.23,0.6993,1.6755,-0.006292006,0.007758878
09-Jul-97,2.171976786,1.199586437,2.052741778,1.801471576,2.00577871,0.758274349,0.409469836,6,7.5,8.5,2.06,3.35,2.23,0.6949,1.6885,-0.006187941,-0.005803968
16-Jul-97,2.279402586,2.495422405,2.190697021,2.000582793,2.110216927,0.616501855,0.174292153,6,7.75,8.5,2.06,3.35,2.23,0.6906,1.6787,-0.013756154,0.000476559
23-Jul-97,2.306459998,3.466913419,2.190554555,1.912077955,2.821976781,0.740236914,0.526915057,6,7.75,8.5,2.06,3.35,2.23,0.6811,1.6795,0.002495962,-0.030068473
30-Jul-97,2.397524484,2.125138298,2.265254588,1.964174448,1.203079358,0.722199479,0.932294573,6,7.75,8.5,2.06,3.35,2.23,0.6828,1.629,-0.004686585,-0.016451811
06-Aug-97,2.399941496,1.688512112,2.303388172,2.061756705,1.540075019,0.705229477,0.26350349,6,7.75,8.5,2.33,3.53,2.23,0.6796,1.6022,-0.022660388,-0.011671452
13-Aug-97,2.218944472,2.857200869,2.1215057,2.039457827,2.139249157,0.523896621,0.307125836,6,8,8.5,2.33,3.53,2.23,0.6642,1.5835,0,0.006315125
20-Aug-97,2.269750942,2.580810112,2.203803957,1.994860072,0.996628866,0.673206496,0.562069536,6,8,8.5,2.33,3.53,2.23,0.6642,1.5935,-0.001656128,0.012550988
27-Aug-97,2.14184616,1.637669631,2.081994938,1.944046258,-1.146072079,0.612297478,0.240001424,6,8,8.5,2.33,3.53,2.23,0.6631,1.6135,-0.005429045,-0.017353579
03-Sep-97,2.200527059,1.082746026,2.149239215,2.013113578,1.151092233,0.403647057,1.559675066,6,8,8.5,2.43,3.58,2.15,0.6595,1.5855,0.006368461,0.000693787
10-Sep-97,2.104634016,1.907626076,2.10730652,1.942368909,0.473045884,0.674753184,2.385663621,6,8,8.5,2.43,3.58,2.15,0.6637,1.5866,-0.007081513,0.009391151
17-Sep-97,2.196043009,3.067836531,2.221137404,2.048831249,0.796584439,0.599836834,0.354449763,6,8,8.5,2.43,3.58,2.15,0.659,1.6015,0.003945372,0.0076803
24-Sep-97,2.207127361,3.034939685,2.22816576,2.112077181,1.373496512,0.57864067,0.729121292,6,8,8.5,2.43,3.58,2.15,0.6616,1.6138,-0.014661427,0.000991449
01-Oct-97,2.266617576,2.004163267,2.280071124,2.348780753,2.489031983,0.668457509,0.372245306,6,8,8.5,2.52,3.71,2.08,0.6519,1.6154,-0.015032981,0.004085675
08-Oct-97,2.310123794,2.445152435,2.367593159,2.294513573,1.408125467,0.538383208,0.47718405,6,8,8.5,2.52,3.71,2.08,0.6421,1.622,0.00607382,0.00080148
15-Oct-97,2.289847141,1.427675631,2.329032176,2.296092255,1.284595969,0.479565486,0.286764273,6,8,8.5,2.52,3.71,2.08,0.646,1.6233,-0.025696594,0.005236247
22-Oct-97,2.277089472,3.780234327,2.3421866,2.182723182,0.940301678,0.210855636,0.536079962,6,8,8.5,2.52,3.71,2.08,0.6294,1.6318,0.006831903,0.024635372
29-Oct-97,1.988371358,6.312644982,2.107923876,1.90941393,1.987053608,-0.203678594,1.200267528,6,8,8.5,2.52,3.71,2.08,0.6337,1.672,0.002840461,0.005681818
05-Nov-97,2.090028045,3.121726505,2.21999767,1.945427604,1.026272783,0.141886412,-0.675384217,6,8,8.5,2.33,3.7,1.83,0.6355,1.6815,-0.003147128,0.013678263
12-Nov-97,1.930762256,2.416613745,2.045238533,1.760031184,1.305659628,0.110887294,0.001637281,6,8.25,8.5,2.33,3.7,1.83,0.6335,1.7045,-0.014680347,-0.007920211
19-Nov-97,2.107619737,2.713317372,2.228688138,1.868269541,1.243169801,0.100387241,0.400444721,6,8.25,8.5,2.33,3.7,1.83,0.6242,1.691,0.004485742,-0.010289769
26-Nov-97,2.145920083,2.377925858,2.26216781,1.928555445,1.220714243,0.040654578,1.121959863,6,8.25,8.5,2.33,3.7,1.83,0.627,1.6736,-0.01323764,0.006214149
03-Dec-97,2.275645827,1.02012044,2.381507406,2.006996187,0.86048281,0.133760852,0.468810015,6.5,8.25,8.5,2.04,3.63,1.7,0.6187,1.684,-0.001293034,-0.019952494
10-Dec-97,2.246543251,2.440023962,2.348360156,2.164864347,1.978302744,0.149510931,0.971757669,6.5,8.25,8.5,2.04,3.63,1.7,0.6179,1.6504,-0.037870206,0.000484731
17-Dec-97,2.234851912,2.473758667,2.328177376,2.224163574,1.647113944,-0.142421027,0.591754945,6.5,8.25,8.5,2.04,3.63,1.7,0.5945,1.6512,0.008746846,0.010780039
24-Dec-97,2.072288707,2.307981464,2.172223841,2.04962059,0.827568242,-0.134905429,0.181963405,6.5,8.25,8.5,2.04,3.63,1.7,0.5997,1.669,-0.008837752,-0.010904733
31-Dec-97,2.207969487,-0.077451563,2.351399446,2.169600392,-1.146072079,-0.228839509,-0.675384217,6.5,8.25,8.5,2.04,3.63,1.7,0.5944,1.6508,-0.027590848,-0.015265326
07-Jan-98,2.204699412,-0.412725681,2.320864086,2.257019885,-1.146072079,-0.581266582,-0.675384217,7,8.25,8.5,1.2,3.3,1.57,0.578,1.6256,-0.004844291,0.002399114
14-Jan-98,2.140402515,1.897061969,2.292085814,2.141381458,2.077098463,-0.853113377,2.148860154,7,8.25,8.5,1.2,3.3,1.57,0.5752,1.6295,-0.008518776,0.001043265
21-Jan-98,2.145712286,2.143302645,2.353204024,2.304577668,2.505605779,-0.70469666,3.061641476,7.5,8.25,8.5,1.2,3.3,1.57,0.5703,1.6312,0.019112748,0.006927415
28-Jan-98,2.211917638,3.157875083,2.38478414,2.403541271,1.982051925,-0.816842449,-0.675384217,7.5,8.25,8.5,1.2,3.3,1.57,0.5812,1.6425,0.031830695,0.008828006
04-Feb-98,2.329071638,2.85661871,2.52459145,2.623767354,2.281393487,-0.456725503,-0.675384217,7.5,8.25,8.5,0.92,3.42,1.44,0.5997,1.657,0.021510755,-0.014785757
11-Feb-98,2.43014868,2.233423213,2.586849392,2.635706134,1.740339986,-0.029708845,-0.675384217,7.5,8.25,8.5,0.92,3.42,1.44,0.6126,1.6325,-0.009141365,0.003369066
18-Feb-98,2.50479717,1.292087106,2.64416849,2.749667212,1.558924955,-0.208928621,3.909885471,7.5,8.25,8.5,0.92,3.42,1.44,0.607,1.638,0.008566722,0.002869353
25-Feb-98,2.508471903,2.038346654,2.695551476,2.771078081,1.865290511,-0.112554695,3.431073728,7.5,8.25,8.5,0.92,3.42,1.44,0.6122,1.6427,-0.003103561,0.002435016
04-Mar-98,2.553017109,2.171292946,2.716589057,2.759237969,2.394447331,-0.138107727,2.463281908,7.5,8.25,8.5,1.02,3.47,1.37,0.6103,1.6467,0.000655415,0.00097164
11-Mar-98,2.627665599,2.277319983,2.816980583,2.854649538,2.035855385,-0.12427467,1.925309991,7.5,8.25,8.5,1.02,3.47,1.37,0.6107,1.6483,0.019649582,0.014257113
18-Mar-98,2.682157739,1.7968115,2.897949151,2.927466227,2.087707274,0.022682496,1.130224746,7.5,8.25,8.5,1.02,3.47,1.37,0.6227,1.6718,0.005299502,0.001435578
25-Mar-98,2.7354195,2.538687161,2.975878429,2.990810826,2.428447956,0.070433772,3.11228208,7,8.25,8.5,1.02,3.47,1.37,0.626,1.6742,-0.015974441,-0.001612711
01-Apr-98,2.732969677,2.602830864,3.005416522,3.039947291,2.274433991,-0.075739158,1.058060211,7,8.25,8.5,0.65,4.03,1.44,0.616,1.6715,0.017532468,0.002871672
08-Apr-98,2.745634383,3.687228691,2.97454874,3.077046309,2.730945738,-0.134622232,-0.675384217,7,8.25,8.5,0.65,4.03,1.44,0.6268,1.6763,-0.000319081,0.005488278
15-Apr-98,2.893711921,1.841353148,3.058461619,3.095694485,-1.146072079,-0.198123587,-0.675384217,7,8.25,8.5,0.65,4.03,1.44,0.6266,1.6855,0.005904883,-0.008187481
22-Apr-98,2.901613691,2.845776388,3.111744161,2.954599817,1.479867575,-0.34717205,0.637206059,7,8.25,8.5,0.65,4.03,1.44,0.6303,1.6717,-0.001586546,-0.001196387
29-Apr-98,2.778466376,3.121842294,2.941211535,2.857905569,1.612249885,-0.381220976,0.406325503,7,8.25,8.5,0.65,4.03,1.44,0.6293,1.6697,-0.01843318,-0.006707792
06-May-98,2.834861503,1.108922305,2.990077609,3.015083056,-1.146072079,-0.381220976,-0.675384217,7,8.25,8.5,2.33,4.21,1.69,0.6177,1.6585,-0.024769305,-0.015978294
13-May-98,2.920818548,1.340112062,3.05627713,2.995842874,1.244470156,-0.381220976,-0.675384217,7,8.25,8.5,2.33,4.21,1.69,0.6024,1.632,0.006640106,0.000612745
20-May-98,2.898748274,2.819225404,3.057226908,2.931215596,1.678118552,-0.381220976,0.536999134,7.5,8.25,8.5,2.33,4.21,1.69,0.6064,1.633,-0.011048813,-0.001041029
27-May-98,2.770291188,1.11544185,2.9298142,2.894511249,-1.146072079,-0.381220976,0.660955152,7.5,8.25,8.5,2.33,4.21,1.69,0.5997,1.6313,-0.005669501,0.004904064
03-Jun-98,2.697687862,1.937919286,2.884699749,2.922335512,1.643366843,-0.381220976,0.315710515,7.5,8.25,8.5,2.33,4.03,2.99,0.5963,1.6393,-0.03873889,-0.005978161
10-Jun-98,2.789501513,2.047786646,3.025029437,3.010149676,1.487981785,-0.381220976,-0.126412881,7.5,8.5,8.5,2.33,4.03,2.99,0.5732,1.6295,,
