"","SecId","X","Date","diff20","bin.diff20","ksvm","nnet","rf","ada","ksvm.prob.0","ksvm.prob.1","nnet.prob","rf.prob.0","rf.prob.1","ada.prob.1","ada.prob.2","votes","voted","all.prob","voted.prob","type","sector","PriceToday","PriceForward20Days"
"1",7,1,"2009-12-01",1.267612,0,0,1,0,0,0.908512255999068,0.0914877440009323,0.999482632833967,0.786,0.214,0.983209571352907,0.0167904286470928,1,0,0.330440201370498,0,"test","Financials",49.82,50.33
"2",21,2,"2009-12-01",2.780211,0,0,0,0,0,0.9043407668147,0.0956592331853001,0,0.786,0.214,0.998840717163038,0.00115928283696232,0,0,0.0777046290055656,0,"test","Financials",46.4,46.95
"3",23,3,"2009-12-01",6.7430854,0,0,0,1,0,0.484681604495179,0.515318395504821,1.17978116142977e-06,0.444,0.556,0.862761057036143,0.137238942963857,1,0,0.30213962956246,0,"test","Financials",30.84,31.66
"4",24,4,"2009-12-01",8.973492,1,0,0,0,0,0.864964524269728,0.135035475730272,0,0.678,0.322,0.991561913081275,0.00843808691872465,0,0,0.116368390662249,0,"test","Financials",13.86,16.03
"5",25,5,"2009-12-01",2.0274878,0,0,0,0,0,0.841701043627148,0.158298956372852,0,0.658,0.342,0.97764470421888,0.0223552957811197,0,0,0.130663563038493,0,"test","Financials",30.74,29.69
"6",27,6,"2009-12-01",9.336699,1,0,1,0,0,0.867887487239168,0.132112512760832,1,0.664,0.336,0.964122526031853,0.0358774739681472,1,0,0.375997496682245,0,"test","Financials",28.52,30.33
"7",34,7,"2009-12-01",4.9892664,0,0,0,0,0,0.879795483507352,0.120204516492648,0,0.856,0.144,0.998996437606964,0.00100356239303626,0,0,0.066302019721421,0,"test","Financials",38.92,39.14
"8",35,8,"2009-12-01",9.677422,1,0,0,0,0,0.856181947143389,0.143818052856611,0,0.858,0.142,0.999165639179327,0.000834360820672711,0,0,0.0716631034193208,0,"test","Financials",41.67,43.18
"9",38,9,"2009-12-01",2.2415638,0,0,0,0,0,0.685897078065065,0.314102921934935,0,0.564,0.436,0.790499206202446,0.209500793797554,0,0,0.239900928933122,0,"test","Financials",38.6,38.77
"10",45,10,"2009-12-01",11.277103,1,0,0,0,0,0.917394014587447,0.0826059854125526,0,0.846,0.154,0.998925938847564,0.00107406115243584,0,0,0.0594200116412471,0,"test","Financials",73.54,84.17
"11",48,11,"2009-12-01",2.5075197,0,0,0,0,0,0.941013723777942,0.0589862762220578,0,0.856,0.144,0.997850431679202,0.00214956832079794,0,0,0.0512839611357139,0,"test","Financials",41.3,40.88
"12",51,12,"2009-12-01",-1.7543912,0,0,1,0,0,0.86264083957115,0.13735916042885,0.999980872349717,0.628,0.372,0.834142104307518,0.165857895692482,1,0,0.418799482117763,0,"test","Financials",15.9,15.12
"13",54,13,"2009-12-01",-1.0835946,0,0,1,0,1,0.631085198250655,0.368914801749345,1,0.66,0.34,0.417968580384035,0.582031419615965,2,0,0.572736555341328,1,"test","Financials",25.6,25.56
"14",59,14,"2009-12-01",-2.4787247,0,0,0,0,0,0.945214697503879,0.0547853024961212,0,0.902,0.098,0.999495478792653,0.000504521207347456,0,0,0.0383224559258672,0,"test","Financials",36.133335,35.146667
"15",63,15,"2009-12-01",1.8054485,0,0,1,0,0,0.711107186227887,0.288892813772113,1,0.574,0.426,0.943236464569192,0.0567635354308077,1,0,0.44291408730073,0,"test","Financials",26.95,27.63
"16",64,16,"2009-12-01",5.242288,0,0,0,0,0,0.847666566123158,0.152333433876842,0,0.768,0.232,0.99919378884276,0.000806211157240408,0,0,0.0962849112585206,0,"test","Financials",226.74,238.9
"17",69,17,"2009-12-01",-0.12180805,0,0,0,0,0,0.907558016248236,0.0924419837517645,0,0.862,0.138,0.999108872845938,0.000891127154062225,0,0,0.0578332777264567,0,"test","Financials",67.046,65.6
"18",73,18,"2009-12-01",2.624178,0,0,0,0,0,0.960908416033481,0.0390915839665192,0,0.868,0.132,0.999195671754622,0.000804328245378099,0,0,0.0429739780529743,0,"test","Financials",67.97,69.22
"19",74,19,"2009-12-01",-12.694305,0,0,1,0,0,0.644377238946948,0.355622761053052,1,0.538,0.462,0.893213913742782,0.106786086257218,1,0,0.481102211827568,0,"test","Financials",41,33.699997
"20",80,20,"2009-12-01",1.8766761,0,0,0,0,0,0.952824280940144,0.0471757190598558,0,0.894,0.106,0.998528075485933,0.00147192451406744,0,0,0.0386619108934808,0,"test","Financials",50.16,49.4
"21",81,21,"2009-12-01",15.966392,1,0,0,1,1,0.617883041650806,0.382116958349194,0,0.454,0.546,0.171417921459055,0.828582078540945,2,0,0.439174759222535,0,"test","Financials",11.59,13.8
"22",93,22,"2009-12-01",3.093183,0,0,1,0,0,0.878995382563769,0.121004617436231,0.999901057162087,0.6,0.4,0.982257863236292,0.0177421367637079,1,0,0.384661952840507,0,"test","Financials",25.58,26.33
"23",97,23,"2009-12-01",5.196631,0,0,0,0,0,0.908037568140942,0.0919624318590575,0,0.854,0.146,0.974168207586587,0.0258317924134135,0,0,0.0659485560681178,0,"test","Financials",28.34,29.96
"24",99,24,"2009-12-01",3.8770914,0,0,0,0,0,0.917990485015894,0.0820095149841065,0,0.852,0.148,0.99673543880023,0.00326456119977041,0,0,0.0583185190459692,0,"test","Financials",66.170006,67.678
"25",105,25,"2009-12-01",-0.25900602,0,0,0,0,0,0.954092839259302,0.0459071607406978,0,0.744,0.256,0.989656689995106,0.0103433100048938,0,0,0.0780626176863979,0,"test","Financials",38.09,38.51
"26",128,26,"2009-12-01",-4.4041395,0,0,0,0,0,0.845528890471322,0.154471109528678,0.149808755564529,0.736,0.264,0.991083295338993,0.00891670466100727,0,0,0.144299142438554,0,"test","Financials",15.45,14.76
"27",160,27,"2009-12-01",10.308957,1,0,0,0,0,0.954594266609067,0.0454057333909332,0,0.858,0.142,0.99868426912831,0.00131573087168958,0,0,0.0471803660656557,0,"test","Financials",32.48,34.99
"28",164,28,"2009-12-01",7.2727323,0,0,1,0,0,0.691458433417868,0.308541566582132,1,0.552,0.448,0.845698054487639,0.154301945512361,1,0,0.477710878023623,0,"test","Financials",17.1,17.7
"29",181,29,"2009-12-01",-3.5957217,0,0,0,0,0,0.894587387724681,0.105412612275319,0,0.652,0.348,0.96963324403974,0.0303667559602603,0,0,0.120944842058895,0,"test","Financials",10.18,9.92
"30",203,30,"2009-12-01",10.046077,1,0,1,1,0,0.677711638706973,0.322288361293027,0.999996390442926,0.394,0.606,0.908806552013492,0.0911934479865075,2,0,0.504869549930615,1,"test","Financials",11.2,11.94
"31",208,31,"2009-12-01",-1.3939023,0,0,0,0,0,0.871093539255493,0.128906460744507,0,0.676,0.324,0.978751388413782,0.0212486115862179,0,0,0.118538768082681,0,"test","Financials",167.63,164.12
"32",214,32,"2009-12-01",-1.0723829,0,0,0,0,0,0.745014005148397,0.254985994851603,0.0228045464836277,0.616,0.384,0.888934171490147,0.111065828509853,0,0,0.193214092461271,0,"test","Financials",3.82,3.69
"33",215,33,"2009-12-01",5.73833,0,0,0,0,0,0.833365585402065,0.166634414597935,6.28051349605903e-05,0.528,0.472,0.895063479201682,0.104936520798318,0,0,0.185908435132803,0,"test","Financials",13.16,13.82
"34",216,34,"2009-12-01",0.7474184,0,0,0,0,0,0.925772101645761,0.0742278983542386,0,0.874,0.126,0.998681288386999,0.00131871161300118,0,0,0.0503866524918099,0,"test","Financials",44.94,45.83
"35",217,35,"2009-12-01",-1.299113,0,0,0,0,0,0.856215029362571,0.143784970637429,0,0.798,0.202,0.998797777994662,0.0012022220053377,0,0,0.0867467981606916,0,"test","Financials",31.6,31.15
"36",220,36,"2009-12-01",0.8417487,0,0,0,0,0,0.765410956704869,0.234589043295131,0,0.582,0.418,0.991089107563015,0.00891089243698447,0,0,0.165374983933029,0,"test","Financials",24.48,23.96
"37",230,37,"2009-12-01",15.549076,1,0,0,0,0,0.776826405734313,0.223173594265687,0,0.706,0.294,0.991104013789754,0.00889598621024616,0,0,0.131517395118983,0,"test","Financials",10.58,11.89
"38",234,38,"2009-12-01",6.881821,0,0,0,0,0,0.904038299553886,0.0959617004461137,0,0.8,0.2,0.99866761788681,0.0013323821131902,0,0,0.074323520639826,0,"test","Financials",107.81,112.6
"39",245,39,"2009-12-01",8.282924,0,0,0,0,0,0.925039628831408,0.0749603711685919,0,0.908,0.092,0.996991776750289,0.00300822324971081,0,0,0.0424921486045757,0,"test","Financials",22.21,23.27
"40",252,40,"2009-12-01",0.7283449,0,0,0,0,0,0.892148858426315,0.107851141573685,0,0.83,0.17,0.983408443312503,0.016591556687497,0,0,0.0736106745652956,0,"test","Financials",42.22,41.49
"41",255,41,"2009-12-01",-4.20168,0,0,1,0,0,0.671813227435974,0.328186772564026,1,0.642,0.358,0.602893295041149,0.397106704958851,1,0,0.520823369380719,1,"test","Financials",5.95,5.7
"42",256,42,"2009-12-01",11.603546,1,0,0,0,0,0.888464920010347,0.111535079989653,0,0.676,0.324,0.998680968825889,0.00131903117411102,0,0,0.109213527790941,0,"test","Financials",12.25,13.85
"43",267,43,"2009-12-01",4.564917,0,0,1,0,0,0.776424426101582,0.223575573898418,0.561246806966259,0.834,0.166,0.997104692981436,0.00289530701856398,1,0,0.23842942197081,0,"test","Financials",35.71,36.65
"44",275,44,"2009-12-01",8.712805,1,0,0,0,0,0.866923392743491,0.133076607256509,0,0.606,0.394,0.974450256097449,0.025549743902551,0,0,0.138156587789765,0,"test","Financials",28.53,30.32
"45",277,45,"2009-12-01",10.468197,1,0,0,0,0,0.81627805327547,0.18372194672453,0,0.592,0.408,0.975404249540353,0.024595750459647,0,0,0.154079424296044,0,"test","Financials",22.79,25.01
"46",287,46,"2009-12-01",21.827911,1,0,0,0,0,0.814355370650901,0.185644629349099,0,0.61,0.39,0.995043399927471,0.00495660007252905,0,0,0.145150307355407,0,"test","Financials",29.9,36.39
"47",294,47,"2009-12-01",8.657312,0,0,0,0,1,0.669931341093675,0.330068658906325,1.12981161351025e-05,0.54,0.46,0.396111225281111,0.603888774718889,1,0,0.348492182935337,0,"test","Financials",23.4,27.11
"48",297,48,"2009-12-01",-2.2179067,0,0,0,0,0,0.784033830793756,0.215966169206244,1.00196700127662e-06,0.56,0.44,0.897206598884837,0.102793401115163,0,0,0.189690143072102,0,"test","Financials",34.19,35.27
"49",298,49,"2009-12-01",1.9744873,0,0,1,0,0,0.794364594079498,0.205635405920502,0.999984558742365,0.614,0.386,0.803536246519094,0.196463753480906,1,0,0.447020929535943,0,"test","Financials",30.32,33.57
"50",302,50,"2009-12-01",2.8690338,0,0,0,0,0,0.737249334979405,0.262750665020595,2.16975089524173e-05,0.738,0.262,0.897833461043162,0.102166538956838,0,0,0.156734725371596,0,"test","Financials",22.43,22.23
"51",311,51,"2009-12-01",-3.0313015,0,0,0,0,0,0.880807767437966,0.119192232562034,0,0.684,0.316,0.861828036635598,0.138171963364402,0,0,0.143341048981609,0,"test","Financials",31.52,29.43
"52",314,52,"2009-12-01",4.4871807,0,0,0,0,0,0.9427821144589,0.0572178855410999,0,0.866,0.134,0.97247684639628,0.0275231536037205,0,0,0.0546852597862051,0,"test","Financials",65.65,66.83
"53",321,53,"2009-12-01",4.1326523,0,1,1,0,1,0.387606774492714,0.612393225507286,1,0.504,0.496,0.44703380984575,0.55296619015425,3,1,0.665339853915384,1,"test","Financials",19.17,20.41
"54",335,54,"2009-12-01",10.065269,1,0,1,0,1,0.494498685980052,0.505501314019948,1,0.5,0.5,0.400291889168992,0.599708110831008,2,0,0.651302356212739,1,"test","Financials",49.38,52.27
"55",348,55,"2009-12-01",3.073144,0,0,1,0,0,0.843712512920089,0.156287487079911,1,0.688,0.312,0.951684911892112,0.0483150881078879,1,0,0.37915064379695,0,"test","Financials",16.14,16.77
"56",352,56,"2009-12-01",7.5280905,0,0,0,0,0,0.89093155979302,0.10906844020698,4.58022826063671e-06,0.83,0.17,0.999042727022702,0.000957272977298543,0,0,0.0700075733531347,0,"test","Financials",34.68,38.28
"57",360,57,"2009-12-01",6.6233754,0,0,0,0,0,0.948008592010809,0.0519914079891914,4.74434961424656e-05,0.696,0.304,0.993597295204205,0.00640270479579522,0,0,0.0906103890702823,0,"test","Financials",25.41,24.63
"58",362,58,"2009-12-01",6.3164115,0,0,1,0,0,0.879880773511757,0.120119226488243,0.998513126557985,0.814,0.186,0.998324915692514,0.00167508430748552,1,0,0.326576859338428,0,"test","Financials",16.78,18.01
"59",366,59,"2009-12-01",8.433235,0,0,0,0,0,0.961167696617682,0.0388323033823182,0,0.794,0.206,0.999168676884532,0.000831323115468382,0,0,0.0614159066244467,0,"test","Financials",23.65,26.23
"60",369,60,"2009-12-01",-2.0791113,0,0,0,0,0,0.913900156431243,0.086099843568757,0,0.812,0.188,0.997298450531036,0.00270154946896399,0,0,0.0692003482594302,0,"test","Financials",56.24,53.22
"61",376,61,"2009-12-01",5.9511423,0,0,0,0,0,0.834722862646773,0.165277137353227,0,0.772,0.228,0.990262406519336,0.00973759348066379,0,0,0.100753682708473,0,"test","Financials",49.73,50.74
"62",377,62,"2009-12-01",7.3405266,0,0,0,0,0,0.913661824708348,0.0863381752916518,0,0.848,0.152,0.999178959356157,0.000821040643842587,0,0,0.0597898039838736,0,"test","Financials",79.91,82.62
"63",389,63,"2009-12-01",-3.5971165,0,1,1,1,1,0.360152348943132,0.639847651056868,1,0.436,0.564,0.0629332038004111,0.937066796199589,4,1,0.785228611814114,1,"test","Financials",5.78,5.36
"64",402,64,"2009-12-01",1.3970971,0,0,0,0,0,0.688872124680854,0.311127875319146,0.000504052164808524,0.58,0.42,0.995993470238172,0.00400652976182823,0,0,0.183909614311446,0,"test","Financials",18.05,18.87
"65",409,65,"2009-12-01",4.3557167,0,0,0,0,0,0.871210030246188,0.128789969753812,0,0.642,0.358,0.981332863742252,0.018667136257748,0,0,0.12636427650289,0,"test","Financials",11.25,11.5
"66",414,66,"2009-12-01",9.270107,1,0,0,0,0,0.894064669286661,0.105935330713339,0,0.854,0.146,0.998931110473059,0.00106888952694084,0,0,0.0632510550600699,0,"test","Financials",73.83,82.04
"67",418,67,"2009-12-01",-7.387394,0,0,0,1,1,0.607278067990059,0.392721932009941,1.5519742039879e-06,0.444,0.556,0.080048253867774,0.919951746132226,2,0,0.467168807529093,0,"test","Financials",23.2,20.56
"68",420,68,"2009-12-01",7.2195053,0,0,1,0,0,0.624780238593148,0.375219761406851,0.999978223371283,0.57,0.43,0.623764929676081,0.376235070323919,1,0,0.545358263775513,1,"test","Financials",42.72,43.96
"69",439,69,"2009-12-01",0.64234734,0,0,1,0,0,0.882181567926527,0.117818432073473,1,0.704,0.296,0.94465070274512,0.0553492972548806,1,0,0.367291932332088,0,"test","Financials",19.333334,19.497778
"70",442,70,"2009-12-01",10.068083,1,0,0,0,0,0.937771060528518,0.062228939471482,0,0.802,0.198,0.996826798594167,0.00317320140583317,0,0,0.0658505352193288,0,"test","Financials",48.61,53.35
"71",443,71,"2009-12-01",-0.45908093,0,0,0,0,0,0.954397191891531,0.0456028081084692,0.0186892102801156,0.91,0.09,0.999445234383667,0.000554765616333644,0,0,0.0387116960012296,0,"test","Financials",52.6,49.87
"72",454,72,"2009-12-01",7.8326225,0,0,0,0,0,0.830158127787807,0.169841872212193,0.000964058330064276,0.51,0.49,0.576577272002294,0.423422727997706,0,0,0.271057164634991,0,"test","Financials",19.02,20.1
"73",458,73,"2009-12-01",-2.227074,0,0,0,0,0,0.836370810164519,0.163629189835481,4.50484498704956e-05,0.728,0.272,0.951697495694419,0.0483025043055809,0,0,0.120994185647733,0,"test","Financials",24.34,22.39
"74",466,74,"2009-12-01",3.328514,0,0,0,0,0,0.936499697552725,0.063500302447275,0,0.838,0.162,0.998602216344754,0.00139778365524615,0,0,0.0567245215256303,0,"test","Financials",66.82,71.4
"75",469,75,"2009-12-01",-0.04569292,0,0,0,0,0,0.942432382405611,0.0575676175943893,0,0.866,0.134,0.999646471407443,0.000353528592557047,0,0,0.0479802865467366,0,"test","Financials",43.3,43.75
"76",475,76,"2009-12-01",2.7734995,0,0,0,0,0,0.797183165881105,0.202816834118895,0,0.752,0.248,0.954175120620097,0.045824879379903,0,0,0.124160428374699,0,"test","Financials",27.99,26.68
"77",485,77,"2009-12-01",5.0633073,0,0,0,0,0,0.820440463782301,0.179559536217699,0,0.702,0.298,0.997805197708236,0.00219480229176378,0,0,0.119938584627366,0,"test","Financials",15.987331,17.369295
"78",490,78,"2009-12-01",4.1433334,0,0,1,0,0,0.665450788472109,0.334549211527891,0.999998142988577,0.65,0.35,0.994953809177542,0.00504619082245775,1,0,0.422398386334731,0,"test","Financials",18.15,18.6
"79",498,79,"2009-12-01",-8.798277,0,0,0,1,0,0.668876647223086,0.331123352776914,0,0.49,0.51,0.684058657866654,0.315941342133346,1,0,0.289266173727565,0,"test","Financials",13.16,12.75
"80",503,80,"2009-12-01",5.728197,0,0,0,0,0,0.931627345605885,0.0683726543941146,0,0.824,0.176,0.999520256536997,0.000479743463002745,0,0,0.0612130994642793,0,"test","Financials",27,28.24
"81",510,81,"2009-12-01",11.862909,1,0,1,0,0,0.787786466139631,0.212213533860369,0.8108403982772,0.642,0.358,0.84235565578006,0.157644344219941,1,0,0.384674569089377,0,"test","Financials",10.49,12.73
"82",511,82,"2009-12-01",7.1641684,0,0,0,0,0,0.853404911791492,0.146595088208508,5.45258526260051e-06,0.676,0.324,0.972894797246839,0.0271052027531611,0,0,0.124426435886733,0,"test","Financials",24.44,25.13
"83",513,83,"2009-12-01",-0.347358,0,0,0,0,0,0.925684913757296,0.0743150862427042,0.0124812128600405,0.764,0.236,0.995030730471433,0.00496926952856658,0,0,0.0819413921578278,0,"test","Financials",26.03,25.82
"84",515,84,"2009-12-01",3.0166626,0,0,1,0,0,0.813105804153634,0.186894195846366,1,0.728,0.272,0.97454857881632,0.0254514211836799,1,0,0.371086404257511,0,"test","Financials",22.53,22.88
"85",522,85,"2009-12-01",6.2194943,0,0,0,0,0,0.87569202352048,0.12430797647952,0.00125233212765985,0.678,0.322,0.857066814144067,0.142933185855933,0,0,0.147623373615778,0,"test","Financials",65.45,67.46
"86",530,86,"2009-12-01",12.862277,1,0,0,0,0,0.937489178594503,0.0625108214054975,0,0.778,0.222,0.999202553532267,0.000797446467733373,0,0,0.0713270669683077,0,"test","Financials",57.41,65.81
"87",532,87,"2009-12-01",9.739637,1,1,1,1,1,0.193020608790294,0.806979391209706,1,0.4,0.6,0.187920333211679,0.812079666788321,4,1,0.804764764499507,1,"test","Financials",11.13,11.38
"88",551,88,"2009-12-01",7.619691,0,0,0,0,0,0.945494874144893,0.0545051258551068,0,0.842,0.158,0.998098551689403,0.00190144831059682,0,0,0.0536016435414259,0,"test","Financials",14.39,15.96
"89",553,89,"2009-12-01",5.048287,0,0,0,0,0,0.940245587150586,0.0597544128494136,0,0.884,0.116,0.997990072908274,0.00200992709172581,0,0,0.0444410849852849,0,"test","Financials",45.52,47.86
"90",556,90,"2009-12-01",2.9197097,0,0,0,0,0,0.754701904509792,0.245298095490208,0,0.582,0.418,0.852615790131023,0.147384209868977,0,0,0.202670576339796,0,"test","Financials",17.79,18.33
"91",557,91,"2009-12-01",4.084325,0,0,0,0,0,0.9213709020951,0.0786290979049,0,0.75,0.25,0.960404517472355,0.039595482527645,0,0,0.0920561451081362,0,"test","Financials",23.19,23.7
"92",561,92,"2009-12-01",2.536714,0,1,0,1,1,0.439759721747985,0.560240278252015,1.08516289735235e-05,0.404,0.596,0.0278359296643402,0.97216407033566,3,1,0.532103800054162,1,"test","Financials",7.76,7.68
"93",563,93,"2009-12-01",1.4706016,0,0,0,0,0,0.930166211951783,0.0698337880482168,0,0.832,0.168,0.99813945291505,0.00186054708494973,0,0,0.0599235837832916,0,"test","Financials",32.579014,32.35689
"94",568,94,"2009-12-01",5.0498724,0,0,0,0,0,0.866149979871775,0.133850020128225,0,0.692,0.308,0.973685620828463,0.0263143791715372,0,0,0.117041099824941,0,"test","Financials",48.03,50.55
"95",575,95,"2009-12-01",6.285715,0,0,0,0,0,0.931344252909,0.0686557470909995,0,0.728,0.272,0.995641999932736,0.00435800006726383,0,0,0.0862534367895658,0,"test","Financials",31.69,35.34
"96",585,96,"2009-12-01",13.444937,1,0,0,0,0,0.951778171474515,0.0482218285254847,0,0.852,0.148,0.999203099781959,0.000796900218040686,0,0,0.0492546821858814,0,"test","Financials",39.17,43.37
"97",598,97,"2009-12-01",1.9991875,0,0,0,0,0,0.936984352451521,0.0630156475484792,0,0.848,0.152,0.995615503846212,0.0043844961537876,0,0,0.0548500359255667,0,"test","Financials",25.25,25
"98",601,98,"2009-12-01",17.158436,1,0,1,0,0,0.871756116264114,0.128243883735886,0.999980688092963,0.596,0.404,0.902342480267096,0.0976575197329042,1,0,0.407470522890439,0,"test","Financials",39.46,47.25
"99",612,99,"2009-12-01",13.267147,1,0,0,0,0,0.955834947257947,0.0441650527420532,0,0.794,0.206,0.998332436164543,0.00166756383545733,0,0,0.0629581541443776,0,"test","Financials",11.42,12.55
"100",622,100,"2009-12-01",2.0383,0,0,0,0,0,0.912390541514913,0.0876094584850875,0,0.83,0.17,0.99559422637321,0.00440577362678976,0,0,0.0655038080279693,0,"test","Financials",16.35,16.52
"101",624,101,"2009-12-01",4.8004985,0,0,0,0,0,0.907545924976445,0.0924540750235554,0,0.826,0.174,0.998576141918222,0.00142385808177793,0,0,0.0669694832763333,0,"test","Financials",81.36,85.36
"102",625,102,"2009-12-01",5.216205,0,0,0,0,0,0.859678137269893,0.140321862730107,1.56629377203975e-06,0.862,0.138,0.99863729479451,0.0013627052054903,0,0,0.0699215335573422,0,"test","Financials",30.33,30.66
"103",626,103,"2009-12-01",13.004171,1,0,0,0,0,0.707837954176158,0.292162045823842,0,0.55,0.45,0.925327774460605,0.0746722255393949,0,0,0.204208567840809,0,"test","Financials",14.7,16.25
"104",628,104,"2009-12-01",6.824386,0,0,0,0,0,0.914678627674174,0.0853213723258263,0,0.762,0.238,0.998881148330978,0.0011188516690217,0,0,0.081110055998712,0,"test","Financials",11.4,11.74
"105",634,105,"2009-12-01",-3.5868049,0,0,1,0,0,0.491643554912997,0.508356445087003,0.999997649211421,0.632,0.368,0.632266417803137,0.367733582196863,1,0,0.561021919123822,1,"test","Financials",12.63453,12.635651
"106",636,106,"2009-12-01",9.928799,1,0,0,0,0,0.903388739708749,0.0966112602912513,0,0.692,0.308,0.990927007371588,0.00907299262841227,0,0,0.103421063229916,0,"test","Financials",26,27.79
"107",639,107,"2009-12-01",3.286147,0,0,0,0,0,0.821655403465313,0.178344596534687,0,0.8,0.2,0.991646693365267,0.00835330663473272,0,0,0.096674475792355,0,"test","Financials",20.93,20.43
"108",641,108,"2009-12-01",6.349206,0,0,1,0,0,0.827823636024884,0.172176363975116,1,0.694,0.306,0.919029127272241,0.0809708727277591,1,0,0.389786809175719,0,"test","Financials",13.29,14.07
"109",642,109,"2009-12-01",7.06774,0,0,0,0,0,0.934438704890277,0.0655612951097231,0,0.868,0.132,0.997061365704918,0.00293863429508234,0,0,0.0501249823512014,0,"test","Financials",64.46,69.23
"110",644,110,"2009-12-01",5.952382,0,0,1,0,0,0.896304468840882,0.103695531159118,0.999287341225181,0.722,0.278,0.980723142145017,0.0192768578549831,1,0,0.350064932559821,0,"test","Financials",8.61,8.9
"111",648,111,"2009-12-01",1.667285,0,0,0,0,0,0.886876913860936,0.113123086139064,0,0.68,0.32,0.997818355972686,0.00218164402731396,0,0,0.108826182541595,0,"test","Financials",82.05,82.93
"112",658,112,"2009-12-01",9.01519,1,0,0,0,0,0.741799886788973,0.258200113211027,2.06731646225898e-05,0.784,0.216,0.986640992762348,0.0133590072376518,0,0,0.121894948403325,0,"test","Financials",41.4,44.5
"113",660,113,"2009-12-01",8.28582,0,0,0,0,0,0.934345988634933,0.0656540113650673,0,0.692,0.308,0.996503670706422,0.00349632929357764,0,0,0.0942875851646612,0,"test","Financials",26.33,28.49
"114",664,114,"2009-12-01",4.480839,0,0,0,0,0,0.948770009462256,0.0512299905377445,0,0.882,0.118,0.988586694757571,0.0114133052424285,0,0,0.0451608239450432,0,"test","Financials",31.29,33.81
"115",666,115,"2009-12-01",6.1063766,0,0,0,0,0,0.90458035432855,0.0954196456714496,0,0.696,0.304,0.997611730286399,0.00238826971360097,0,0,0.100451978846263,0,"test","Financials",45.33,48.48
"116",671,116,"2009-12-01",13.950146,1,0,0,0,0,0.815911246019183,0.184088753980817,0,0.66,0.34,0.950296347631725,0.0497036523682754,0,0,0.143448101587273,0,"test","Financials",19.59,23.77
"117",701,117,"2009-12-01",15.798389,1,0,0,0,0,0.859194325383169,0.140805674616831,5.4187650510015e-05,0.672,0.328,0.998151795140704,0.00184820485929565,0,0,0.117677016781659,0,"test","Financials",52.93,61.57
"118",702,118,"2009-12-01",6.3729405,0,0,0,0,0,0.853928466469874,0.146071533530126,0,0.73,0.27,0.970912844331515,0.0290871556684855,0,0,0.111289672299653,0,"test","Financials",13.1,13.52
"119",709,119,"2009-12-01",1.215899,0,0,0,0,0,0.94707975896236,0.0529202410376405,0,0.822,0.178,0.987790551218582,0.0122094487814183,0,0,0.0607824224547647,0,"test","Financials",30.85,30.8
"120",723,120,"2009-12-01",5.135429,0,0,0,0,0,0.90851459873115,0.0914854012688504,0,0.822,0.178,0.99538678950093,0.00461321049907028,0,0,0.0685246529419802,0,"test","Financials",46.64,48.52
"121",730,121,"2009-12-01",7.713127,0,0,0,0,0,0.852591690570014,0.147408309429986,0,0.68,0.32,0.986945959131644,0.0130540408683561,0,0,0.120115587574586,0,"test","Financials",37.19,39.8
"122",741,122,"2009-12-01",-0.4031062,0,0,0,0,0,0.910382136354002,0.0896178636459977,0,0.876,0.124,0.997660395137435,0.00233960486256533,0,0,0.0539893671271408,0,"test","Financials",31.31,32.12
"123",751,123,"2009-12-01",1.887703,0,0,0,0,0,0.893785732333513,0.106214267666487,0,0.806,0.194,0.993978817802686,0.00602118219731357,0,0,0.0765588624659503,0,"test","Financials",20.55,21.05
"124",754,124,"2009-12-01",11.470366,1,0,1,0,0,0.757020486292219,0.242979513707781,1,0.706,0.294,0.941828932283902,0.0581710677160978,1,0,0.39878764535597,0,"test","Financials",11.6,14.48
"125",756,125,"2009-12-01",5.1615477,0,0,0,0,0,0.93786557105075,0.0621344289492505,0,0.816,0.184,0.995359571550529,0.00464042844947097,0,0,0.0626937143496804,0,"test","Financials",25.53,26.69
"126",760,126,"2009-12-01",5.0991535,0,0,0,0,0,0.851818291560276,0.148181708439724,0,0.67,0.33,0.976850537055863,0.0231494629441366,0,0,0.125332792845965,0,"test","Financials",34.94,37.1
"127",763,127,"2009-12-01",6.681144,0,0,0,0,0,0.885718215761189,0.114281784238811,0,0.764,0.236,0.998972223205517,0.00102777679448306,0,0,0.0878273902583235,0,"test","Financials",18.21,19.64
"128",768,128,"2009-12-01",-2.3923457,0,0,0,0,0,0.837161698353,0.162838301647,0.000121854458242882,0.59,0.41,0.883338211763799,0.116661788236201,0,0,0.172405486085361,0,"test","Financials",10.93,10.2
"129",771,129,"2009-12-01",4.648185,0,0,0,0,0,0.909564435046585,0.0904355649534154,0,0.88,0.12,0.999119860875108,0.000880139124891835,0,0,0.0528289260195768,0,"test","Financials",39.59,40.75
"130",772,130,"2009-12-01",1.8391371,0,0,0,0,0,0.917799800799397,0.0822001992006028,1.31494139281156e-05,0.738,0.262,0.996889859485868,0.003110140514132,0,0,0.0868308722821657,0,"test","Financials",29.53,32.67
"131",775,131,"2009-12-01",3.6652327,0,0,0,1,0,0.464260381259967,0.535739618740033,0,0.342,0.658,0.684344012496352,0.315655987503648,1,0,0.37734890156092,0,"test","Financials",16.71,16.97
"132",787,132,"2009-12-01",2.4685502,0,0,0,0,0,0.80473901458232,0.19526098541768,0.0154532029357479,0.766,0.234,0.98920385838334,0.0107961416166598,0,0,0.113877582492522,0,"test","Financials",84.89,85.51
"133",788,133,"2009-12-01",5.893016,0,0,0,0,0,0.912809006157238,0.0871909938427621,0.00356018992407035,0.724,0.276,0.996654442916944,0.00334555708305642,0,0,0.0925241852124722,0,"test","Financials",33.98,35.04
"134",790,134,"2009-12-01",3.7903428,0,0,0,0,0,0.892418010850489,0.107581989149511,4.30785589531529e-06,0.762,0.238,0.993696614210613,0.00630338578938727,0,0,0.0879724206986985,0,"test","Financials",46.85,47.92
"135",792,135,"2009-12-01",3.6701202,0,0,0,0,0,0.955035258191295,0.0449647418087051,0,0.666,0.334,0.972440075054753,0.0275599249452471,0,0,0.101631166688488,0,"test","Financials",24.4,24.01
"136",795,136,"2009-12-01",1.2888551,0,0,0,0,0,0.869364885691149,0.130635114308851,0,0.756,0.244,0.999366357312951,0.000633642687049237,0,0,0.093817189248975,0,"test","Financials",53.89,53.44
"137",803,137,"2009-12-01",3.4198284,0,0,1,0,0,0.862316884603359,0.137683115396641,0.976241643041295,0.846,0.154,0.993133441014489,0.00686655898551082,1,0,0.318697829355862,0,"test","Financials",26.193335,28.426666
"138",805,138,"2009-12-01",5.644381,0,0,0,0,0,0.847906704767294,0.152093295232706,0,0.81,0.19,0.996631873693154,0.00336812630684628,0,0,0.086365355384888,0,"test","Financials",31.29,32.38
"139",807,139,"2009-12-01",0.9686589,0,0,0,0,0,0.918260425076653,0.0817395749233472,0,0.68,0.32,0.864293418362267,0.135706581637733,0,0,0.13436153914027,0,"test","Financials",17.65,17.72
"140",808,140,"2009-12-01",4.43877,0,0,0,0,0,0.927183866387059,0.0728161336129411,0.00240928389482751,0.764,0.236,0.968994295181111,0.0310057048188885,0,0,0.0855577805816643,0,"test","Financials",37.2,40.94
"141",812,141,"2009-12-01",14.572597,1,0,0,0,0,0.693908302378196,0.306091697621804,0,0.612,0.388,0.871567777153708,0.128432222846292,0,0,0.205630980117024,0,"test","Financials",37.75,42.22
"142",814,142,"2009-12-01",10.153257,1,0,0,0,0,0.926066746167452,0.0739332538325485,0,0.702,0.298,0.997456926764655,0.00254307323534453,0,0,0.0936190817669732,0,"test","Financials",45.72,51.75
"143",821,143,"2009-12-01",2.425623,0,0,0,0,0,0.859729577965418,0.140270422034582,0.000389460452478591,0.802,0.198,0.995497883002652,0.00450211699734787,0,0,0.0857904998711021,0,"test","Financials",20.99,22.38
"144",823,144,"2009-12-01",-8.810568,0,1,0,1,1,0.24430782767953,0.75569217232047,0.0224660191037365,0.388,0.612,0.092852912048516,0.907147087951484,3,1,0.574326319843923,1,"test","Financials",13.16,14.49
"145",835,145,"2009-12-01",5.5598497,0,1,1,0,1,0.366790807389449,0.633209192610551,1,0.516,0.484,0.413614233728138,0.586385766271862,3,1,0.675898739720603,1,"test","Financials",12.91,13.67
"146",836,146,"2009-12-01",-0.65754056,0,0,0,0,0,0.854193908269375,0.145806091730625,0,0.67,0.33,0.995621742298107,0.00437825770189323,0,0,0.12004608735813,0,"test","Financials",35.27,36.26
"147",845,147,"2009-12-01",5.776429,0,0,0,0,0,0.86190965390865,0.13809034609135,6.18722214817603e-05,0.79,0.21,0.999028818855817,0.000971181144183482,0,0,0.0872808498642538,0,"test","Financials",41.88,45.23
"148",854,148,"2009-12-01",14.602208,1,0,1,0,0,0.868709139975032,0.131290860024968,1,0.632,0.368,0.972956948359458,0.0270430516405419,1,0,0.381583477916377,0,"test","Financials",19,22.76
"149",860,149,"2009-12-01",11.517978,1,0,0,0,0,0.916484610984133,0.0835153890158673,0,0.776,0.224,0.998466389616862,0.00153361038313815,0,0,0.0772622498497514,0,"test","Financials",15.24,16.75
"150",872,150,"2009-12-01",6.9329143,0,0,1,0,0,0.816227176350605,0.183772823649395,0.999196326756475,0.646,0.354,0.830427397703208,0.169572602296793,1,0,0.426635438175666,0,"test","Financials",11.376741,12.257854
"151",877,151,"2009-12-01",5.8646083,0,0,0,0,0,0.845187759386639,0.154812240613361,2.23860761993842e-05,0.706,0.294,0.988151979353801,0.0118480206461987,0,0,0.11517066183394,0,"test","Financials",53.67,56.14
"152",878,152,"2009-12-01",3.4609318,0,0,0,0,0,0.870661800307861,0.129338199692139,0,0.838,0.162,0.997961498898519,0.00203850110148132,0,0,0.073344175198405,0,"test","Financials",18.98,19.73
"153",879,153,"2009-12-01",-4.4600906,0,0,0,0,0,0.911470769824434,0.0885292301755656,4.35743865226346e-07,0.672,0.328,0.860083195968942,0.139916804031058,0,0,0.139111617487622,0,"test","Financials",12.82,12.21
"154",882,154,"2009-12-01",7.3230505,0,0,0,0,0,0.968738799322529,0.0312612006774705,0,0.93,0.07,0.995431783631975,0.00456821636802454,0,0,0.0264573542613738,0,"test","Financials",29.17,30.63
"155",890,155,"2009-12-01",-0.73111653,0,0,1,0,0,0.883853905579469,0.116146094420531,0.521516625229487,0.646,0.354,0.97901566779921,0.0209843322007898,1,0,0.253161762962702,0,"test","Financials",24.53,24.44
"156",891,156,"2009-12-01",8.028019,0,0,0,0,0,0.9616420869075,0.0383579130925005,0,0.84,0.16,0.996140649116989,0.00385935088301055,0,0,0.0505543159938778,0,"test","Financials",19.47,20.05
"157",36,1,"2009-12-01",6.168616,0,0,0,0,0,0.814199689658214,0.185800310341786,0,0.718,0.282,0.972306195735495,0.0276938042645051,0,0,0.123873528651573,0,"test","Consumer Discretionary",138.5,139.41
"158",37,2,"2009-12-01",7.20222,0,0,0,0,0,0.72055336886072,0.27944663113928,7.5586410429611e-05,0.73,0.27,0.540335937025035,0.459664062974965,0,0,0.252296570131169,0,"test","Consumer Discretionary",17.7,19.35
"159",49,3,"2009-12-01",2.0216227,0,0,1,0,0,0.709667909136481,0.290332090863519,0.999995776586629,0.828,0.172,0.993981977377289,0.00601802262271138,1,0,0.367086472518215,0,"test","Consumer Discretionary",151.2,159.47
"160",53,4,"2009-12-01",2.7580738,0,0,0,0,0,0.932016969068049,0.0679830309319507,0,0.838,0.162,0.998005721251954,0.00199427874804651,0,0,0.0579943274199993,0,"test","Consumer Discretionary",38.89,39.12
"161",55,5,"2009-12-01",-6.0655355,0,0,0,0,0,0.920424680400971,0.0795753195990294,0,0.89,0.11,0.998473561889937,0.00152643811006342,0,0,0.0477754394272732,0,"test","Consumer Discretionary",43.53,40.42
"162",72,6,"2009-12-01",10.97281,1,0,0,0,1,0.637254455536878,0.362745544463122,0,0.544,0.456,0.120527874351613,0.879472125648387,1,0,0.424554417527877,0,"test","Consumer Discretionary",15.365,16.94
"163",82,7,"2009-12-01",5.9040546,0,0,0,0,0,0.820247664793061,0.179752335206939,0,0.708,0.292,0.779414628821234,0.220585371178765,0,0,0.173084426596426,0,"test","Consumer Discretionary",13.15,14.35
"164",85,8,"2009-12-01",3.1269908,0,0,0,0,0,0.840558454902299,0.159441545097701,8.01859528303621e-07,0.864,0.136,0.963050366404649,0.0369496335953513,0,0,0.0830979951381452,0,"test","Consumer Discretionary",32.13,32.32
"165",98,9,"2009-12-01",-2.6225805,0,0,0,0,0,0.863503001654483,0.136496998345517,0,0.82,0.18,0.951424170011526,0.0485758299884735,0,0,0.0912682070834977,0,"test","Consumer Discretionary",14.96,17.08
"166",100,10,"2009-12-01",7.1982145,0,0,0,0,0,0.866846146305844,0.133153853694156,0,0.762,0.238,0.989085510064524,0.0109144899354759,0,0,0.0955170859074081,0,"test","Consumer Discretionary",84.61,91.29
"167",107,11,"2009-12-01",4.5764685,0,0,0,0,0,0.716355950455259,0.283644049544741,0,0.922,0.078,0.997078896874129,0.00292110312587139,0,0,0.0911412881676532,0,"test","Consumer Discretionary",35.42,36.79
"168",121,12,"2009-12-01",0.8904338,0,0,0,0,0,0.926460999409711,0.0735390005902886,0,0.78,0.22,0.996204639318894,0.00379536068110594,0,0,0.0743335903178486,0,"test","Consumer Discretionary",25.17,26.06
"169",131,13,"2009-12-01",11.077237,1,1,1,1,1,0.203005633293657,0.796994366706343,1,0.438,0.562,0.0556295026510413,0.944370497348959,4,1,0.825841216013825,1,"test","Consumer Discretionary",10.42,10.93
"170",133,14,"2009-12-01",5.4723144,0,0,0,0,0,0.928202111384067,0.0717978886159329,0,0.928,0.072,0.998033964497992,0.00196603550200765,0,0,0.0364409810294852,0,"test","Consumer Discretionary",30.73,32.38
"171",134,15,"2009-12-01",1.4327645,0,0,0,0,0,0.936156995663576,0.063843004336424,0,0.858,0.142,0.994453046795854,0.00554695320414558,0,0,0.0528474893851424,0,"test","Consumer Discretionary",32.39,31.15
"172",136,16,"2009-12-01",1.3744235,0,0,1,0,0,0.948430111743153,0.0515698882568467,0.99329806221765,0.88,0.12,0.98669736837306,0.01330263162694,1,0,0.294542645525359,0,"test","Consumer Discretionary",16.233334,16.226667
"173",143,17,"2009-12-01",11.20851,1,0,0,0,0,0.902449967362425,0.0975500326375747,0,0.836,0.164,0.994669861180357,0.00533013881964323,0,0,0.0667200428643045,0,"test","Consumer Discretionary",31.83,35.52
"174",145,18,"2009-12-01",2.0934582,0,0,0,0,0,0.911278573788486,0.0887214262115137,0,0.714,0.286,0.937273485341084,0.0627265146589157,0,0,0.109361985217607,0,"test","Consumer Discretionary",31.5,33.65
"175",170,19,"2009-12-01",4.9802423,0,0,0,0,0,0.924309504304407,0.075690495695593,0,0.662,0.338,0.568558107836682,0.431441892163318,0,0,0.211283096964728,0,"test","Consumer Discretionary",51.54,53.12
"176",171,20,"2009-12-01",14.108348,1,0,0,0,0,0.783844461259662,0.216155538740338,0,0.688,0.312,0.908000770172431,0.0919992298275689,0,0,0.155038692141977,0,"test","Consumer Discretionary",8.88,10.11
"177",175,21,"2009-12-01",-0.49946904,0,0,0,0,0,0.906860311044218,0.0931396889557823,0.000532224683490201,0.924,0.076,0.999626627948331,0.00037337205166854,0,0,0.0425113214227353,0,"test","Consumer Discretionary",30.84,27.89
"178",186,22,"2009-12-01",6.930387,0,0,0,0,0,0.901373413499476,0.0986265865005241,0.000407003603003781,0.87,0.13,0.979747523513491,0.0202524764865091,0,0,0.0623215166475092,0,"test","Consumer Discretionary",31.82,33.79
"179",187,23,"2009-12-01",13.854921,1,0,0,0,0,0.805595360075131,0.194404639924869,1.23794413201811e-06,0.788,0.212,0.970291198077146,0.0297088019228539,0,0,0.109028669947964,0,"test","Consumer Discretionary",11.8,13.97
"180",193,24,"2009-12-01",25.5,1,1,1,1,1,0.0465168768951081,0.953483123104892,0.999993120500439,0.376,0.624,0.0602715621479413,0.939728437852059,4,1,0.879301170364348,1,"test","Consumer Discretionary",10.01,15.06
"181",202,25,"2009-12-01",6.484151,0,0,1,0,1,0.797145539372778,0.202854460627222,0.999999594674333,0.58,0.42,0.134512336255363,0.865487663744637,2,0,0.622085429761548,1,"test","Consumer Discretionary",23.84,22.17
"182",205,26,"2009-12-01",3.037572,0,0,0,0,0,0.960133710134771,0.0398662898652286,0,0.902,0.098,0.998888722316995,0.0011112776830052,0,0,0.0347443918870584,0,"test","Consumer Discretionary",36.67,38.67
"183",206,27,"2009-12-01",1.5774369,0,0,1,0,0,0.888833462147741,0.111166537852259,0.976312428841448,0.86,0.14,0.984837036909492,0.0151629630905081,1,0,0.310660482446054,0,"test","Consumer Discretionary",21.98,21.25
"184",207,28,"2009-12-01",-0.5745292,0,0,1,0,1,0.529079626151807,0.470920373848193,0.953027676858452,0.626,0.374,0.48477151755242,0.51522848244758,2,0,0.578294133288556,1,"test","Consumer Discretionary",29.62,31.15
"185",209,29,"2009-12-01",0.070774555,0,1,0,1,1,0.248484417559907,0.751515582440093,0.00214429479307599,0.394,0.606,0.0143114446358749,0.985688555364125,3,1,0.586337108149323,1,"test","Consumer Discretionary",14.11,14.14
"186",212,30,"2009-12-01",-0.6956041,0,0,0,0,0,0.749550768494073,0.250449231505927,0,0.616,0.384,0.975114154269646,0.0248858457303538,0,0,0.16483376930907,0,"test","Consumer Discretionary",37.03,35.69
"187",213,31,"2009-12-01",6.256199,0,0,0,0,0,0.983286278003727,0.0167137219962727,0,0.958,0.042,0.99970595178862,0.000294048211379914,0,0,0.0147519425519132,0,"test","Consumer Discretionary",30.05,32.1
"188",218,32,"2009-12-01",6.243193,0,0,0,0,0,0.964438939449045,0.0355610605509549,0,0.888,0.112,0.998463028215367,0.00153697178463334,0,0,0.0372745080838971,0,"test","Consumer Discretionary",28,29.27
"189",221,33,"2009-12-01",-7.0175467,0,0,0,0,0,0.950847640952815,0.0491523590471848,0,0.708,0.292,0.943527004626234,0.0564729953737656,0,0,0.0994063386052376,0,"test","Consumer Discretionary",28.92,25.44
"190",223,34,"2009-12-01",11.506283,1,0,0,0,1,0.715803167480251,0.284196832519749,0,0.614,0.386,0.296743799311992,0.703256200688008,1,0,0.343363258301939,0,"test","Consumer Discretionary",32.14,37.31
"191",226,35,"2009-12-01",14.03954,1,0,0,0,0,0.945448608634842,0.0545513913651584,0,0.838,0.162,0.991959104342694,0.00804089565730636,0,0,0.0561480717556162,0,"test","Consumer Discretionary",20.67,22.5
"192",236,36,"2009-12-01",4.6153903,0,0,0,0,0,0.557089638083697,0.442910361916303,0,0.688,0.312,0.591584996238263,0.408415003761737,0,0,0.29083134141951,0,"test","Consumer Discretionary",18.92,19.04
"193",240,37,"2009-12-01",3.8961053,0,0,1,0,1,0.832014019009204,0.167985980990796,0.510898518063951,0.556,0.444,0.0122958833047956,0.987704116695204,2,0,0.527647153937488,1,"test","Consumer Discretionary",6.47,7.2
"194",247,38,"2009-12-01",5.0207615,0,0,0,0,0,0.957985329710165,0.0420146702898346,0,0.82,0.18,0.98761666229175,0.0123833377082498,0,0,0.0585995019995211,0,"test","Consumer Discretionary",27.51,27.82
"195",253,39,"2009-12-01",10.665905,1,0,0,0,0,0.861721575413521,0.138278424586479,0,0.934,0.066,0.997412122972429,0.00258787702757136,0,0,0.0517165754035126,0,"test","Consumer Discretionary",34.34,38.39
"196",260,40,"2009-12-01",20.13787,1,0,1,0,0,0.753553498053611,0.246446501946389,1,0.728,0.272,0.685437996929129,0.314562003070871,1,0,0.458252126254315,0,"test","Consumer Discretionary",20.16,24.4
"197",265,41,"2009-12-01",3.5022378,0,0,0,0,0,0.927510199074194,0.0724898009258059,0.0096176430734914,0.85,0.15,0.909506134347505,0.0904938656524949,0,0,0.0806503274129481,0,"test","Consumer Discretionary",52.97,55.56
"198",268,42,"2009-12-01",9.697306,0,0,0,0,0,0.625270620539786,0.374729379460214,0,0.72,0.28,0.836365552270205,0.163634447729795,0,0,0.204590956797502,0,"test","Consumer Discretionary",17.55,19.57
"199",269,43,"2009-12-01",3.3049583,0,0,0,0,0,0.935975380531278,0.064024619468722,0,0.86,0.14,0.995848210578824,0.00415178942117638,0,0,0.0520441022224746,0,"test","Consumer Discretionary",19.98,20.63
"200",270,44,"2009-12-01",8.354425,0,1,1,1,1,0.026171015171874,0.973828984828126,1,0.282,0.718,0.0326607548300138,0.967339245169986,4,1,0.914792057499528,1,"test","Consumer Discretionary",12.88,12.84
"201",279,45,"2009-12-01",3.5072446,0,0,0,0,0,0.975534722985271,0.0244652770147293,0,0.89,0.11,0.996878232980043,0.00312176701995663,0,0,0.0343967610086715,0,"test","Consumer Discretionary",22.58,23.61
"202",285,46,"2009-12-01",8.48186,0,1,1,1,1,0.0602621367863622,0.939737863213638,1,0.43,0.57,0.107176531958116,0.892823468041884,4,1,0.85064033281388,1,"test","Consumer Discretionary",16.01,17.65
"203",288,47,"2009-12-01",4.632044,0,0,1,0,1,0.897188829948754,0.102811170051246,0.816747482121944,0.608,0.392,0.473192983120851,0.526807016879149,2,0,0.459591417263085,0,"test","Consumer Discretionary",25.76,28.01
"204",290,48,"2009-12-01",2.849865,0,0,0,0,0,0.947813047188522,0.0521869528114779,0,0.966,0.034,0.999497400015629,0.000502599984370619,0,0,0.0216723881989621,0,"test","Consumer Discretionary",20,20.21
"205",291,49,"2009-12-01",4.934001,0,0,0,0,0,0.897674231927622,0.102325768072378,0,0.974,0.026,0.999744358737931,0.00025564126206895,0,0,0.0321453523336117,0,"test","Consumer Discretionary",63.54,63.59
"206",299,50,"2009-12-01",10.3557,0,0,0,1,0,0.527841222358002,0.472158777641998,0,0.486,0.514,0.67327435048714,0.32672564951286,1,0,0.328221106788715,0,"test","Consumer Discretionary",42.65,49.02
"207",325,51,"2009-12-01",1.8227339,0,0,1,0,0,0.884535648460799,0.115464351539201,0.996341553264034,0.832,0.168,0.969696865916388,0.0303031340836125,1,0,0.327527259721712,0,"test","Consumer Discretionary",58.23,56.98
"208",328,52,"2009-12-01",6.8765163,0,0,0,0,0,0.965796304827512,0.0342036951724882,0,0.952,0.048,0.999435470087194,0.000564529912806162,0,0,0.0206920562713236,0,"test","Consumer Discretionary",32.7,33.105
"209",339,53,"2009-12-01",2.3712754,0,0,0,0,0,0.991619866704014,0.00838013329598553,0,0.83,0.17,0.99655019373564,0.0034498062643595,0,0,0.0454574848900863,0,"test","Consumer Discretionary",14.85,15.11
"210",343,54,"2009-12-01",9.471357,0,0,0,0,0,0.950611288558304,0.0493887114416958,2.90743851515837e-06,0.9,0.1,0.998847548401415,0.00115245159858471,0,0,0.0376360176196989,0,"test","Consumer Discretionary",36.85,39.76
"211",345,55,"2009-12-01",1.4838338,0,0,0,0,0,0.867134797211235,0.132865202788765,0.136219345960298,0.854,0.146,0.818220855076011,0.181779144923989,0,0,0.149215923418263,0,"test","Consumer Discretionary",39.18,38.3
"212",353,56,"2009-12-01",3.1826973,0,1,0,0,0,0.350590060713181,0.649409939286819,0.236601616483423,0.642,0.358,0.820877121818236,0.179122878181764,1,0,0.355783608488002,0,"test","Consumer Discretionary",214.8,224.67
"213",358,57,"2009-12-01",4.653847,0,0,0,0,0,0.949534609886209,0.0504653901137913,0,0.908,0.092,0.998727489057675,0.0012725109423249,0,0,0.035934475264029,0,"test","Consumer Discretionary",26.22,27.21
"214",364,58,"2009-12-01",11.646139,1,1,1,1,1,0.0872097873606181,0.912790212639382,1,0.392,0.608,0.181835689538855,0.818164310461145,4,1,0.834738630775132,1,"test","Consumer Discretionary",9.31,9.97
"215",379,59,"2009-12-01",4.222846,0,0,1,0,0,0.936441464026013,0.0635585359739865,1,0.882,0.118,0.98738906265274,0.0126109373472599,1,0,0.298542368330312,0,"test","Consumer Discretionary",40.75,40.97
"216",393,60,"2009-12-01",4.1056037,0,0,0,0,0,0.929899226852318,0.0701007731476817,0,0.932,0.068,0.981100933483432,0.0188990665165682,0,0,0.0392499599160625,0,"test","Consumer Discretionary",78.8,82.41
"217",396,61,"2009-12-01",1.280868,0,0,0,0,0,0.919891138800501,0.0801088611994991,3.01854324457467e-06,0.982,0.018,0.999795120914976,0.000204879085023777,0,0,0.0245791897069419,0,"test","Consumer Discretionary",22.195,21.745
"218",400,62,"2009-12-01",10.375595,0,0,0,0,0,0.821522630921228,0.178477369078772,0,0.812,0.188,0.914079191900146,0.0859208080998543,0,0,0.113099544294657,0,"test","Consumer Discretionary",21.73,23.51
"219",412,63,"2009-12-01",4.6096683,0,0,0,0,0,0.824136839625349,0.175863160374651,0,0.896,0.104,0.998295993643455,0.00170400635654469,0,0,0.0703917916827989,0,"test","Consumer Discretionary",39.44,42.21
"220",415,64,"2009-12-01",4.6025157,0,0,0,0,0,0.941883118688384,0.0581168813116155,0,0.93,0.07,0.999049097140593,0.00095090285940658,0,0,0.0322669460427555,0,"test","Consumer Discretionary",24.44,25
"221",435,65,"2009-12-01",7.240629,0,0,0,0,0,0.887977307737986,0.112022692262014,0,0.936,0.064,0.997634666010175,0.00236533398982478,0,0,0.0445970065629598,0,"test","Consumer Discretionary",46.78,48.58
"222",437,66,"2009-12-01",8.580613,0,0,0,0,0,0.954315768124363,0.0456842318756373,0,0.948,0.052,0.998799187011712,0.00120081298828833,0,0,0.0247212612159814,0,"test","Consumer Discretionary",43.07,43.91
"223",438,67,"2009-12-01",-0.86206794,0,0,0,0,0,0.840159840058547,0.159840159941453,0,0.908,0.092,0.997456536726857,0.00254346327314331,0,0,0.063595905803649,0,"test","Consumer Discretionary",19.26,18.4
"224",444,68,"2009-12-01",9.2099905,0,0,0,0,0,0.905821736683363,0.094178263316637,3.20843308171746e-05,0.812,0.188,0.987837717061428,0.0121622829385726,0,0,0.0735931576465067,0,"test","Consumer Discretionary",11.8575,13.5475
"225",448,69,"2009-12-01",-1.9186258,0,0,0,0,0,0.876610938074457,0.123389061925543,0,0.778,0.222,0.744991802771808,0.255008197228192,0,0,0.150099314788434,0,"test","Consumer Discretionary",42.18,42.43
"226",449,70,"2009-12-01",0.79340935,0,0,0,0,0,0.951661238957476,0.0483387610425237,0,0.808,0.192,0.998513622612927,0.00148637738707353,0,0,0.0604562846073993,0,"test","Consumer Discretionary",31.21,29.45
"227",457,71,"2009-12-01",10.511625,0,1,0,0,0,0.392260270173661,0.607739729826339,0,0.772,0.228,0.918030042665552,0.0819699573344478,1,0,0.229427421790197,0,"test","Consumer Discretionary",32.85,35.64
"228",462,72,"2009-12-01",3.9545655,0,0,0,0,0,0.96100630044153,0.0389936995584702,0,0.96,0.04,0.999507740693572,0.0004922593064286,0,0,0.0198714897162247,0,"test","Consumer Discretionary",18.5275,18.5325
"229",463,73,"2009-12-01",-0.23286939,0,0,0,0,0,0.907615192262095,0.0923848077379052,0,0.854,0.146,0.994539238124049,0.00546076187595149,0,0,0.0609613924034642,0,"test","Consumer Discretionary",30.01,29.99
"230",477,74,"2009-12-01",8.546901,0,0,0,0,0,0.957759550802364,0.0422404491976358,0,0.814,0.186,0.992912258219156,0.00708774178084387,0,0,0.0588320477446199,0,"test","Consumer Discretionary",76.97,82.17
"231",486,75,"2009-12-01",1.8811822,0,0,0,0,0,0.909906373072973,0.0900936269270266,0,0.824,0.176,0.973259377950299,0.0267406220497014,0,0,0.073208562244182,0,"test","Consumer Discretionary",18.95,20.58
"232",487,76,"2009-12-01",-6.430614,0,0,0,0,0,0.705005866705835,0.294994133294165,0,0.682,0.318,0.858262897843789,0.141737102156211,0,0,0.188682808862594,0,"test","Consumer Discretionary",66.37,58.93
"233",497,77,"2009-12-01",1.9097209,0,0,0,0,0,0.903916067106978,0.0960839328930224,0,0.914,0.086,0.999658073588121,0.000341926411878771,0,0,0.0456064648262253,0,"test","Consumer Discretionary",35.29,35.22
"234",501,78,"2009-12-01",5.4965377,0,0,0,0,0,0.880783302721198,0.119216697278802,0.00035714264038085,0.812,0.188,0.968348709832792,0.0316512901672082,0,0,0.0848062825215978,0,"test","Consumer Discretionary",13.759933,15.226667
"235",502,79,"2009-12-01",1.9254684,0,0,0,0,0,0.93210109678786,0.0678989032121398,0,0.932,0.068,0.997279578761896,0.00272042123810372,0,0,0.0346548311125609,0,"test","Consumer Discretionary",40.38,40.76
"236",509,80,"2009-12-01",9.242619,0,0,0,0,1,0.675748262662134,0.324251737337866,0,0.548,0.452,0.20005820835265,0.79994179164735,1,0,0.394048382246304,0,"test","Consumer Discretionary",15.27,17.02
"237",523,81,"2009-12-01",2.245891,0,0,0,0,0,0.942092051865293,0.0579079481347068,0,0.82,0.18,0.995915537487314,0.00408446251268622,0,0,0.0604981026618482,0,"test","Consumer Discretionary",40.06,35.51
"238",524,82,"2009-12-01",-5.1689863,0,0,0,0,0,0.958101150489325,0.041898849510675,0,0.65,0.35,0.694123816027218,0.305876183972782,0,0,0.174443758370864,0,"test","Consumer Discretionary",14.56,14.31
"239",529,83,"2009-12-01",10.263824,0,0,1,0,0,0.621768768524645,0.378231231475355,1,0.544,0.456,0.835499303234662,0.164500696765338,1,0,0.499682982060173,0,"test","Consumer Discretionary",55.81,61.02
"240",534,84,"2009-12-01",12.69306,1,0,0,0,0,0.844081175942974,0.155918824057026,0.460968049844877,0.796,0.204,0.991359700484897,0.00864029951510282,0,0,0.207381793354251,0,"test","Consumer Discretionary",10.74,11.675
"241",543,85,"2009-12-01",13.207555,1,1,1,1,1,0.218203468753797,0.781796531246203,1,0.46,0.54,0.00930667126148763,0.990693328738512,4,1,0.828122464996179,1,"test","Consumer Discretionary",10.73,12.6
"242",547,86,"2009-12-01",17.996943,1,0,0,0,0,0.952801049723201,0.0471989502767992,0,0.576,0.424,0.790650386310252,0.209349613689748,0,0,0.170137140991637,0,"test","Consumer Discretionary",19.25,23.21
"243",548,87,"2009-12-01",3.411889,0,0,1,0,0,0.927595193258346,0.0724048067416538,0.911707044295695,0.792,0.208,0.643758425093069,0.356241574906931,1,0,0.38708835648607,0,"test","Consumer Discretionary",23.46,29.4
"244",552,88,"2009-12-01",11.929691,1,0,1,0,0,0.921944127190428,0.0780558728095723,1,0.87,0.13,0.995782384196792,0.00421761580320846,1,0,0.303068372153195,0,"test","Consumer Discretionary",25.14,29.93
"245",558,89,"2009-12-01",-3.173101,0,0,0,0,0,0.864669632929157,0.135330367070843,0,0.788,0.212,0.784826682246935,0.215173317753065,0,0,0.140625921205977,0,"test","Consumer Discretionary",42.35,40.89
"246",559,90,"2009-12-01",18.189228,1,0,0,0,0,0.752306676703872,0.247693323296128,0,0.618,0.382,0.707729232830707,0.292270767169293,0,0,0.230491022616355,0,"test","Consumer Discretionary",12.36,14.49
"247",560,91,"2009-12-01",14.519429,1,0,0,0,0,0.935739864715539,0.0642601352844612,0,0.834,0.166,0.979749577508852,0.0202504224911483,0,0,0.0626276394439024,0,"test","Consumer Discretionary",18.96,22.4
"248",570,92,"2009-12-01",3.1999946,0,0,0,0,0,0.897139474952411,0.102860525047589,0.0310808060562727,0.784,0.216,0.94514109565415,0.0548589043458498,0,0,0.101200058862428,0,"test","Consumer Discretionary",14.51,14.19
"249",578,93,"2009-12-01",8.593154,0,0,0,0,0,0.951259245290622,0.0487407547093779,0,0.836,0.164,0.997304728557088,0.00269527144291227,0,0,0.0538590065380725,0,"test","Consumer Discretionary",12.79,14.28
"250",589,94,"2009-12-01",13.041568,1,0,0,0,0,0.867870872569115,0.132129127430885,0.000160625744938836,0.756,0.244,0.927212215061383,0.0727877849386167,0,0,0.11226938452861,0,"test","Consumer Discretionary",22.32,25.83
"251",606,95,"2009-12-01",1.0640502,0,0,1,0,0,0.927164220100392,0.0728357798996084,0.999992331321404,0.77,0.23,0.927729623231105,0.0722703767688946,1,0,0.343774621997477,0,"test","Consumer Discretionary",31.560001,33.243336
"252",608,96,"2009-12-01",18.3092,1,0,1,1,1,0.678133081191924,0.321866918808076,1,0.482,0.518,0.239595577901844,0.760404422098156,3,1,0.650067835226558,1,"test","Consumer Discretionary",21.25,25.33
"253",610,97,"2009-12-01",12.403107,1,0,0,0,0,0.801407957350125,0.198592042649875,0,0.708,0.292,0.978330195231509,0.0216698047684911,0,0,0.128065461854592,0,"test","Consumer Discretionary",7.75,8.7
"254",615,98,"2009-12-01",-0.06989241,0,0,1,0,0,0.852253350579762,0.147746649420238,1,0.89,0.11,0.998509658557847,0.00149034144215258,1,0,0.314809247715598,0,"test","Consumer Discretionary",53.74,57.19
"255",616,99,"2009-12-01",8.397961,0,0,0,0,0,0.953124234070694,0.0468757659293055,0,0.822,0.178,0.966260868225654,0.0337391317743457,0,0,0.0646537244259128,0,"test","Consumer Discretionary",34.6,40.53
"256",617,100,"2009-12-01",11.337209,1,0,1,0,1,0.685064250087381,0.314935749912619,0.726045168441365,0.592,0.408,0.303561570267443,0.696438429732557,2,0,0.536354837021635,1,"test","Consumer Discretionary",13.69,15.32
"257",637,101,"2009-12-01",17.43697,1,0,1,0,1,0.496184774174637,0.503815225825363,1,0.548,0.452,0.4735594145323,0.5264405854677,2,0,0.620563952823266,1,"test","Consumer Discretionary",9.85,11.18
"258",646,102,"2009-12-01",0.42352676,0,0,0,0,0,0.912440254219996,0.0875597457800041,0,0.846,0.154,0.997919729381694,0.00208027061830632,0,0,0.0609100040995776,0,"test","Consumer Discretionary",41.82,42.68
"259",651,103,"2009-12-01",0,0,0,0,0,0,0.696704137219006,0.303295862780994,2.43595597607335e-06,0.786,0.214,0.99821192861698,0.00178807138301969,0,0,0.129771592529998,0,"test","Consumer Discretionary",17.21,18.03
"260",659,104,"2009-12-01",-1.3253033,0,0,0,0,0,0.814506122279196,0.185493877720804,0,0.62,0.38,0.74719873994659,0.25280126005341,0,0,0.204573784443553,0,"test","Consumer Discretionary",24.03,24.57
"261",676,105,"2009-12-01",9.460211,0,0,1,0,0,0.672804247929952,0.327195752070048,1,0.564,0.436,0.74167667205034,0.25832332794966,1,0,0.505379770004927,1,"test","Consumer Discretionary",18.23,19.67
"262",690,106,"2009-12-01",5.120814,0,0,0,0,0,0.903285466461529,0.0967145335384713,8.17179776247197e-07,0.756,0.244,0.901452571644674,0.0985474283553263,0,0,0.109815694768393,0,"test","Consumer Discretionary",27.55,29.15
"263",695,107,"2009-12-01",10.191977,0,0,1,0,0,0.920319008701885,0.0796809912981148,0.511400138910206,0.814,0.186,0.989684732069221,0.0103152679307793,1,0,0.196849099534775,0,"test","Consumer Discretionary",18.706667,21.046667
"264",698,108,"2009-12-01",-1.4582574,0,0,1,0,0,0.76050580098764,0.23949419901236,0.971433865363981,0.618,0.382,0.808337890382866,0.191662109617134,1,0,0.446147543498369,0,"test","Consumer Discretionary",28.81,27.03
"265",703,109,"2009-12-01",8.577991,0,0,0,0,0,0.881399838326528,0.118600161673472,0,0.948,0.052,0.999395847782838,0.000604152217162396,0,0,0.0428010784726585,0,"test","Consumer Discretionary",37.52,42.53
"266",704,110,"2009-12-01",5.6661487,0,1,1,1,1,0.0543847346974158,0.945615265302584,0.999998018725293,0.374,0.626,0.0872044837137443,0.912795516286256,4,1,0.871102200078533,1,"test","Consumer Discretionary",13.69,13.8
"267",710,111,"2009-12-01",16.936075,1,1,0,0,1,0.271472717633789,0.728527282366211,0.159145852120937,0.55,0.45,0.270272765838544,0.729727234161456,2,0,0.516850092162151,1,"test","Consumer Discretionary",28.28,31.83
"268",715,112,"2009-12-01",7.158351,0,0,0,0,0,0.908571279841585,0.0914287201584146,0,0.822,0.178,0.970608023748191,0.0293919762518085,0,0,0.0747051741025558,0,"test","Consumer Discretionary",8.895,9.88
"269",721,113,"2009-12-01",9.939504,0,0,0,1,1,0.568232880950567,0.431767119049433,0,0.484,0.516,0.361101891025567,0.638898108974433,2,0,0.396666307005967,0,"test","Consumer Discretionary",23.18,25.44
"270",727,114,"2009-12-01",3.596294,0,0,0,0,0,0.830186392885494,0.169813607114506,1.22266431712579e-06,0.814,0.186,0.856118140525089,0.143881859474911,0,0,0.124924172313434,0,"test","Consumer Discretionary",34.64,35.72
"271",732,115,"2009-12-01",8.551491,0,1,1,1,1,0.306874731186286,0.693125268813714,1,0.474,0.526,0.386306771469744,0.613693228530256,4,1,0.708204624335992,1,"test","Consumer Discretionary",30.23,31.1
"272",733,116,"2009-12-01",5.6405067,0,0,1,0,0,0.525471656682036,0.474528343317964,1,0.508,0.492,0.55285509122627,0.44714490877373,1,0,0.603418313022923,1,"test","Consumer Discretionary",26.27,31.09
"273",753,117,"2009-12-01",10.594153,0,0,0,0,0,0.87932333462404,0.12067666537596,0,0.862,0.138,0.927950295091334,0.0720497049086664,0,0,0.0826815925711566,0,"test","Consumer Discretionary",679.64,707.15
"274",755,118,"2009-12-01",35.37947,1,0,0,0,1,0.738019092724908,0.261980907275092,2.62743272748977e-05,0.654,0.346,0.463741404921598,0.536258595078402,1,0,0.286066444170192,0,"test","Consumer Discretionary",8.6,12.13
"275",759,119,"2009-12-01",1.9230723,0,0,0,0,1,0.726645353093859,0.273354646906141,0,0.54,0.46,0.0456001645423004,0.9543998354577,1,0,0.42193862059096,0,"test","Consumer Discretionary",6.33,6.89
"276",773,120,"2009-12-01",-2.6309729,0,0,0,0,0,0.808060947183942,0.191939052816058,0.000240295404659143,0.87,0.13,0.979637165915626,0.0203628340843742,0,0,0.0856355455762727,0,"test","Consumer Discretionary",21.805,21.28
"277",779,121,"2009-12-01",7.4021816,0,0,0,0,0,0.856078833549923,0.143921166450077,0,0.864,0.136,0.997495025061273,0.00250497493872749,0,0,0.070606535347201,0,"test","Consumer Discretionary",64.05,68.63
"278",786,122,"2009-12-01",2.3902178,0,0,1,0,0,0.773304116636815,0.226695883363185,1,0.764,0.236,0.916336823668941,0.0836631763310586,1,0,0.386589764923561,0,"test","Consumer Discretionary",17.89,18.42
"279",806,123,"2009-12-01",6.72704,0,0,0,0,0,0.785183601547607,0.214816398452393,0,0.642,0.358,0.936908365407447,0.0630916345925527,0,0,0.158977008261237,0,"test","Consumer Discretionary",7.81,8.25
"280",809,124,"2009-12-01",3.7169456,0,1,1,1,1,0.134963634218625,0.865036365781375,0.999986422507012,0.418,0.582,0.0536548315501145,0.946345168449885,4,1,0.848341989184568,1,"test","Consumer Discretionary",14.27,14.51
"281",810,125,"2009-12-01",15.00001,1,0,0,0,0,0.8270469241859,0.1729530758141,0.00117581560157381,0.764,0.236,0.935150426813691,0.0648495731863089,0,0,0.118744616150496,0,"test","Consumer Discretionary",26.14,27.37
"282",846,126,"2009-12-01",12.491083,1,0,1,0,0,0.550524622171192,0.449475377828808,0.999968482861377,0.732,0.268,0.927233287401742,0.0727667125982584,1,0,0.447552643322111,0,"test","Consumer Discretionary",28.85,31.52
"283",850,127,"2009-12-01",7.0534706,0,1,1,1,1,0.212221962203303,0.787778037796697,1,0.442,0.558,0.00871597252415742,0.991284027475843,4,1,0.834265516318135,1,"test","Consumer Discretionary",19.45,18.82
"284",851,128,"2009-12-01",6.1469913,0,0,0,0,0,0.826618009534055,0.173381990465945,0,0.792,0.208,0.998274917879006,0.00172508212099353,0,0,0.0957767681467347,0,"test","Consumer Discretionary",22.37,23.83
"285",856,129,"2009-12-01",-0.62906146,0,0,0,0,0,0.75670160324138,0.24329839675862,0,0.874,0.126,0.998826203591607,0.00117379640839341,0,0,0.0926180482917532,0,"test","Consumer Discretionary",47.11,47.39
"286",859,130,"2009-12-01",6.638527,0,0,0,0,1,0.787720599239297,0.212279400760702,0.00632828448743189,0.692,0.308,0.250269973133198,0.749730026866802,1,0,0.319084428028734,0,"test","Consumer Discretionary",6.5375,6.9475
"287",883,131,"2009-12-01",17.28394,1,0,0,0,0,0.570662508952327,0.429337491047673,0,0.528,0.472,0.640044348566172,0.359955651433828,0,0,0.315323285620375,0,"test","Consumer Discretionary",4.2,4.75
"288",892,132,"2009-12-01",2.0902634,0,0,0,0,0,0.958044298178809,0.0419557018211915,1.423043417757e-06,0.824,0.176,0.990813125636533,0.00918687436346716,0,0,0.0567859998070191,0,"test","Consumer Discretionary",21.2,21.49
